Date,Open,High,Low,Close,Adj Close,Volume
2001-01-02,,,,,,
2001-12-27,,,,,,
2002-12-27,,,,,,
2003-12-29,,,,,,
2004-06-29,,,,,,
2004-12-29,,,,,,
2005-06-29,,,,,,
2005-12-28,,,,,,
2006-12-27,,,,,,
2007-12-27,,,,,,
2008-12-29,,,,,,
2009-12-29,,,,,,
2010-12-29,,,,,,
2011-12-28,,,,,,
2012-06-18,28400.0,28700.0,28300.0,28600.0,28600.0,719771.0
2012-06-19,28500.0,28750.0,28450.0,28600.0,28600.0,500664.0
2012-06-20,28700.0,28950.0,28700.0,28900.0,28900.0,558422.0
2012-06-21,28850.0,29300.0,28850.0,29100.0,29100.0,554785.0
2012-06-22,28800.0,28900.0,28500.0,28500.0,28500.0,863532.0
2012-06-25,28650.0,28800.0,28100.0,28100.0,28100.0,718922.0
2012-06-26,28400.0,29350.0,28300.0,28950.0,28950.0,1909314.0
2012-06-27,29100.0,29350.0,28800.0,29150.0,29150.0,993647.0
2012-06-28,29250.0,29850.0,28950.0,29550.0,29550.0,1037641.0
2012-06-29,29650.0,30400.0,29550.0,30350.0,30350.0,1975667.0
2012-07-02,30300.0,30750.0,30150.0,30650.0,30650.0,1022002.0
2012-07-03,30700.0,31200.0,30650.0,31150.0,31150.0,1280527.0
2012-07-04,31000.0,31250.0,30700.0,31200.0,31200.0,922361.0
2012-07-05,31000.0,31300.0,30750.0,30950.0,30950.0,801875.0
2012-07-06,30950.0,30950.0,30600.0,30750.0,30750.0,430034.0
2012-07-09,30650.0,31550.0,30600.0,31250.0,31250.0,1035414.0
2012-07-10,31600.0,32300.0,31400.0,32250.0,32250.0,2027308.0
2012-07-11,32050.0,32850.0,32050.0,32700.0,32700.0,1664104.0
2012-07-12,32800.0,33100.0,32500.0,32700.0,32700.0,1808537.0
2012-07-13,32700.0,32800.0,32300.0,32800.0,32800.0,1000432.0
2012-07-16,33150.0,33200.0,32500.0,32600.0,32600.0,592463.0
2012-07-17,32800.0,32950.0,32400.0,32800.0,32800.0,688188.0
2012-07-18,32650.0,32850.0,32350.0,32750.0,32750.0,982636.0
2012-07-19,32750.0,32750.0,32000.0,32050.0,32050.0,1007020.0
2012-07-20,31900.0,31900.0,30900.0,31300.0,31300.0,1821681.0
2012-07-23,31300.0,31850.0,31200.0,31550.0,31550.0,1114128.0
2012-07-24,31600.0,33300.0,31550.0,33150.0,33150.0,2134394.0
2012-07-25,33000.0,33300.0,32700.0,33000.0,33000.0,1634991.0
2012-07-26,32850.0,33250.0,32750.0,32950.0,32950.0,850769.0
2012-07-27,33000.0,33100.0,32600.0,33000.0,33000.0,862509.0
2012-07-30,32200.0,32450.0,31200.0,32000.0,32000.0,2744655.0
2012-07-31,31700.0,32450.0,31550.0,32250.0,32250.0,1319821.0
2012-08-01,32300.0,32400.0,31650.0,32100.0,32100.0,709347.0
2012-08-02,32100.0,32600.0,31800.0,32200.0,32200.0,566128.0
2012-08-03,32150.0,33150.0,32050.0,32900.0,32900.0,1140888.0
2012-08-06,32750.0,32750.0,32050.0,32350.0,32350.0,1261385.0
2012-08-07,32400.0,32400.0,31300.0,31750.0,31750.0,1592692.0
2012-08-08,31750.0,32350.0,31750.0,32100.0,32100.0,1170566.0
2012-08-09,32100.0,32550.0,31950.0,32550.0,32550.0,1733727.0
2012-08-10,32350.0,32750.0,32250.0,32650.0,32650.0,794903.0
2012-08-13,32700.0,33450.0,32650.0,33350.0,33350.0,1267322.0
2012-08-14,33500.0,34400.0,33500.0,34050.0,34050.0,1607091.0
2012-08-16,33900.0,34650.0,33800.0,34450.0,34450.0,1307868.0
2012-08-17,34400.0,34500.0,33850.0,34150.0,34150.0,789587.0
2012-08-20,34300.0,34300.0,33800.0,34250.0,34250.0,709350.0
2012-08-21,34350.0,34600.0,34150.0,34300.0,34300.0,703903.0
2012-08-22,34250.0,35150.0,34150.0,35050.0,35050.0,2182406.0
2012-08-23,34750.0,35150.0,34550.0,34850.0,34850.0,1440944.0
2012-08-24,34850.0,35500.0,34650.0,34650.0,34650.0,1397655.0
2012-08-27,34800.0,35250.0,34550.0,35000.0,35000.0,1246803.0
2012-08-28,35000.0,35500.0,35000.0,35300.0,35300.0,1427107.0
2012-08-29,35300.0,35700.0,34650.0,35200.0,35200.0,1389911.0
2012-08-30,35000.0,35100.0,34050.0,34350.0,34350.0,1219760.0
2012-08-31,34300.0,34600.0,34200.0,34400.0,34400.0,697075.0
2012-09-03,34250.0,34550.0,34150.0,34250.0,34250.0,586387.0
2012-09-04,34000.0,34200.0,33750.0,33900.0,33900.0,873526.0
2012-09-05,34250.0,34550.0,34100.0,34400.0,34400.0,1472786.0
2012-09-06,34750.0,35900.0,34700.0,35500.0,35500.0,1714463.0
2012-09-07,35500.0,36200.0,35300.0,35600.0,35600.0,1342861.0
2012-09-10,35700.0,36050.0,35150.0,35350.0,35350.0,870910.0
2012-09-11,35250.0,36350.0,35200.0,35900.0,35900.0,1468908.0
2012-09-12,36100.0,36750.0,36100.0,36100.0,36100.0,1127870.0
2012-09-13,36400.0,36700.0,36100.0,36350.0,36350.0,1159744.0
2012-09-14,36650.0,36750.0,35900.0,36300.0,36300.0,1536033.0
2012-09-17,35900.0,36000.0,35000.0,35450.0,35450.0,1938276.0
2012-09-18,35300.0,35350.0,34700.0,35100.0,35100.0,1411447.0
2012-09-19,35300.0,35450.0,35000.0,35250.0,35250.0,872761.0
2012-09-20,35300.0,35700.0,35200.0,35700.0,35700.0,834386.0
2012-09-21,35850.0,36200.0,35700.0,35900.0,35900.0,852146.0
2012-09-24,35800.0,36050.0,35600.0,35900.0,35900.0,583267.0
2012-09-25,35900.0,35950.0,35550.0,35550.0,35550.0,603880.0
2012-09-26,35350.0,35600.0,35200.0,35450.0,35450.0,345983.0
2012-09-27,35250.0,35700.0,35000.0,35450.0,35450.0,780294.0
2012-09-28,35300.0,35350.0,34800.0,35200.0,35200.0,1109024.0
2012-10-02,34850.0,35000.0,34600.0,34750.0,34750.0,882452.0
2012-10-04,34750.0,35150.0,34650.0,34900.0,34900.0,829276.0
2012-10-05,34900.0,35400.0,34800.0,35100.0,35100.0,599559.0
2012-10-08,35100.0,35300.0,34700.0,34800.0,34800.0,637526.0
2012-10-09,34900.0,35500.0,34850.0,35150.0,35150.0,693289.0
2012-10-10,35250.0,35300.0,35000.0,35000.0,35000.0,556163.0
2012-10-11,34800.0,35000.0,34500.0,34500.0,34500.0,689107.0
2012-10-12,34650.0,34850.0,34300.0,34550.0,34550.0,355384.0
2012-10-15,34350.0,35550.0,34350.0,35300.0,35300.0,1140753.0
2012-10-16,35250.0,35600.0,35000.0,35400.0,35400.0,839980.0
2012-10-17,35300.0,35550.0,35000.0,35200.0,35200.0,728874.0
2012-10-18,35300.0,35300.0,34950.0,35250.0,35250.0,453062.0
2012-10-19,35250.0,35300.0,34850.0,35100.0,35100.0,440445.0
2012-10-22,34800.0,35000.0,34600.0,34950.0,34950.0,468909.0
2012-10-23,35000.0,35550.0,34950.0,35250.0,35250.0,836946.0
2012-10-24,35150.0,36950.0,35150.0,36700.0,36700.0,2591783.0
2012-10-25,36600.0,37800.0,36500.0,36950.0,36950.0,1554413.0
2012-10-26,36950.0,37400.0,36400.0,36400.0,36400.0,995978.0
2012-10-29,36500.0,37300.0,36400.0,36950.0,36950.0,704477.0
2012-10-30,37150.0,37400.0,36650.0,37150.0,37150.0,543932.0
2012-10-31,37300.0,37650.0,36950.0,36950.0,36950.0,565792.0
2012-11-01,37100.0,37600.0,36850.0,37050.0,37050.0,1017788.0
2012-11-02,37150.0,37450.0,36850.0,37050.0,37050.0,894991.0
2012-11-05,37300.0,38650.0,37200.0,38400.0,38400.0,1892707.0
2012-11-06,38450.0,38900.0,38250.0,38450.0,38450.0,904161.0
2012-11-07,38350.0,38350.0,37550.0,38150.0,38150.0,1266959.0
2012-11-08,37700.0,38400.0,37700.0,38000.0,38000.0,969818.0
2012-11-09,37550.0,38500.0,37550.0,37950.0,37950.0,907082.0
2012-11-12,38050.0,38350.0,37700.0,37950.0,37950.0,655318.0
2012-11-13,38300.0,38600.0,37950.0,38200.0,38200.0,816872.0
2012-11-14,38300.0,38950.0,38250.0,38700.0,38700.0,1145542.0
2012-11-15,38500.0,39400.0,38400.0,39050.0,39050.0,1571251.0
2012-11-16,39400.0,39600.0,39100.0,39550.0,39550.0,1205498.0
2012-11-19,39550.0,39750.0,38950.0,39550.0,39550.0,785271.0
2012-11-20,39200.0,39500.0,39100.0,39100.0,39100.0,759565.0
2012-11-21,39000.0,39150.0,38600.0,38750.0,38750.0,662205.0
2012-11-22,38950.0,39700.0,38750.0,39450.0,39450.0,797363.0
2012-11-23,39400.0,39750.0,39150.0,39750.0,39750.0,545954.0
2012-11-26,39600.0,39850.0,39300.0,39550.0,39550.0,526016.0
2012-11-27,39650.0,39650.0,38050.0,38300.0,38300.0,1252546.0
2012-11-28,38400.0,38900.0,37700.0,37850.0,37850.0,1112954.0
2012-11-29,37950.0,38100.0,37050.0,37350.0,37350.0,1434772.0
2012-11-30,37400.0,37700.0,37000.0,37700.0,37700.0,997432.0
2012-12-03,37700.0,38700.0,37600.0,38200.0,38200.0,906422.0
2012-12-04,38150.0,38650.0,38150.0,38500.0,38500.0,639177.0
2012-12-05,38150.0,38450.0,37900.0,38000.0,38000.0,983806.0
2012-12-06,37850.0,38000.0,37150.0,37350.0,37350.0,1319493.0
2012-12-07,37400.0,37850.0,37300.0,37650.0,37650.0,611663.0
2012-12-10,37700.0,38400.0,37700.0,37900.0,37900.0,807429.0
2012-12-11,38200.0,38200.0,37750.0,37750.0,37750.0,847914.0
2012-12-12,37950.0,38050.0,37600.0,38050.0,38050.0,868527.0
2012-12-13,37800.0,38300.0,37800.0,38200.0,38200.0,1360812.0
2012-12-14,38150.0,38200.0,37750.0,38100.0,38100.0,648727.0
2012-12-17,38100.0,38300.0,37850.0,38100.0,38100.0,656133.0
2012-12-18,38400.0,38450.0,38200.0,38450.0,38450.0,1535297.0
2012-12-20,38400.0,38500.0,38100.0,38450.0,38450.0,1343729.0
2012-12-21,38500.0,38850.0,38450.0,38550.0,38550.0,1896264.0
2012-12-24,38700.0,38700.0,38050.0,38050.0,38050.0,1257818.0
2012-12-26,37950.0,38050.0,37450.0,37500.0,37500.0,2623772.0
2012-12-27,35800.0,35950.0,35400.0,35500.0,35500.0,2003173.0
2012-12-28,35400.0,35900.0,35100.0,35500.0,35500.0,1019147.0
2013-01-02,35600.0,35950.0,35050.0,35400.0,35400.0,1201256.0
2013-01-03,35250.0,35900.0,35250.0,35800.0,35800.0,875016.0
2013-01-04,36000.0,36950.0,35850.0,36500.0,36500.0,1649655.0
2013-01-07,36750.0,36950.0,36600.0,36800.0,36800.0,906462.0
2013-01-08,36500.0,36750.0,36300.0,36300.0,36300.0,722102.0
2013-01-09,36300.0,36400.0,35850.0,36000.0,36000.0,630587.0
2013-01-10,35850.0,36150.0,35100.0,35550.0,35550.0,962556.0
2013-01-11,35550.0,35700.0,34850.0,35150.0,35150.0,1033997.0
2013-01-14,35150.0,36550.0,34900.0,36300.0,36300.0,2127283.0
2013-01-15,36300.0,36800.0,36200.0,36200.0,36200.0,1688659.0
2013-01-16,36600.0,36850.0,36350.0,36700.0,36700.0,923112.0
2013-01-17,36650.0,37100.0,36550.0,36900.0,36900.0,1021467.0
2013-01-18,37000.0,37150.0,36650.0,37150.0,37150.0,585705.0
2013-01-21,37450.0,37450.0,36850.0,37100.0,37100.0,410439.0
2013-01-22,37200.0,38600.0,36950.0,38500.0,38500.0,1906506.0
2013-01-23,38500.0,38800.0,38150.0,38400.0,38400.0,902297.0
2013-01-24,38250.0,39100.0,38150.0,38750.0,38750.0,1700918.0
2013-01-25,38650.0,38800.0,38150.0,38150.0,38150.0,1058938.0
2013-01-28,38100.0,38300.0,37500.0,38000.0,38000.0,748197.0
2013-01-29,38000.0,38450.0,36950.0,37050.0,37050.0,1145311.0
2013-01-30,37050.0,37800.0,37050.0,37100.0,37100.0,725560.0
2013-01-31,37050.0,37400.0,36600.0,36600.0,36600.0,832940.0
2013-02-01,36650.0,37450.0,36650.0,37150.0,37150.0,818324.0
2013-02-04,37350.0,38750.0,37300.0,38300.0,38300.0,1494622.0
2013-02-05,38200.0,38450.0,37700.0,37900.0,37900.0,1028225.0
2013-02-06,38050.0,38850.0,37950.0,38450.0,38450.0,1237594.0
2013-02-07,38200.0,38350.0,37850.0,37900.0,37900.0,641617.0
2013-02-08,37850.0,37850.0,36800.0,36800.0,36800.0,1597441.0
2013-02-12,36800.0,36800.0,36050.0,36650.0,36650.0,896075.0
2013-02-13,36700.0,36800.0,35900.0,36200.0,36200.0,1433243.0
2013-02-14,36150.0,36200.0,35200.0,35250.0,35250.0,2437389.0
2013-02-15,35350.0,35550.0,34800.0,35150.0,35150.0,1468997.0
2013-02-18,35250.0,35550.0,35200.0,35500.0,35500.0,814268.0
2013-02-19,35500.0,35550.0,34800.0,35050.0,35050.0,1406121.0
2013-02-20,35200.0,35800.0,35100.0,35750.0,35750.0,1213476.0
2013-02-21,35500.0,35550.0,34900.0,34950.0,34950.0,1314300.0
2013-02-22,35050.0,35300.0,34950.0,35050.0,35050.0,872814.0
2013-02-25,35200.0,35250.0,34650.0,35050.0,35050.0,746905.0
2013-02-26,34950.0,35100.0,34450.0,34600.0,34600.0,731584.0
2013-02-27,34900.0,35700.0,34800.0,35650.0,35650.0,1622056.0
2013-02-28,35500.0,35900.0,35400.0,35800.0,35800.0,1083441.0
2013-03-04,35800.0,36000.0,35450.0,35450.0,35450.0,1115353.0
2013-03-05,35450.0,35950.0,35450.0,35850.0,35850.0,898260.0
2013-03-06,35850.0,36600.0,35800.0,36300.0,36300.0,1479076.0
2013-03-07,36400.0,37000.0,36050.0,36550.0,36550.0,1218512.0
2013-03-08,36450.0,37150.0,36400.0,37000.0,37000.0,1162768.0
2013-03-11,37100.0,37600.0,36700.0,37150.0,37150.0,897888.0
2013-03-12,37450.0,37450.0,36750.0,36750.0,36750.0,599239.0
2013-03-13,36700.0,36950.0,36500.0,36900.0,36900.0,626600.0
2013-03-14,36700.0,37050.0,36450.0,37050.0,37050.0,913029.0
2013-03-15,36750.0,37050.0,36500.0,36700.0,36700.0,903554.0
2013-03-18,36600.0,37300.0,36500.0,36800.0,36800.0,558771.0
2013-03-19,37100.0,37300.0,36850.0,36950.0,36950.0,428422.0
2013-03-20,36900.0,37300.0,36450.0,36700.0,36700.0,557732.0
2013-03-21,36700.0,36700.0,35550.0,35750.0,35750.0,975898.0
2013-03-22,35600.0,35650.0,34600.0,34850.0,34850.0,1555711.0
2013-03-25,35250.0,35450.0,35100.0,35400.0,35400.0,572277.0
2013-03-26,35300.0,35400.0,34950.0,35400.0,35400.0,654866.0
2013-03-27,35150.0,35200.0,35000.0,35200.0,35200.0,535743.0
2013-03-28,35050.0,35150.0,34800.0,35100.0,35100.0,630878.0
2013-03-29,35300.0,35350.0,35100.0,35300.0,35300.0,343986.0
2013-04-01,35300.0,35300.0,34950.0,35150.0,35150.0,256134.0
2013-04-02,35150.0,35500.0,35150.0,35350.0,35350.0,966794.0
2013-04-03,35400.0,35950.0,35350.0,35850.0,35850.0,1195796.0
2013-04-04,35700.0,35700.0,35050.0,35500.0,35500.0,1050031.0
2013-04-05,35150.0,35600.0,35000.0,35350.0,35350.0,892834.0
2013-04-08,35450.0,35600.0,35150.0,35500.0,35500.0,503505.0
2013-04-09,35200.0,35350.0,34450.0,34800.0,34800.0,1202783.0
2013-04-10,34650.0,34850.0,34200.0,34500.0,34500.0,797333.0
2013-04-11,34750.0,35000.0,34350.0,34800.0,34800.0,991903.0
2013-04-12,34500.0,34700.0,34000.0,34000.0,34000.0,1056990.0
2013-04-15,34000.0,34550.0,33850.0,34450.0,34450.0,899105.0
2013-04-16,34450.0,35950.0,34300.0,35750.0,35750.0,2212928.0
2013-04-17,35500.0,36900.0,35500.0,36400.0,36400.0,2016331.0
2013-04-18,36500.0,36650.0,35350.0,36050.0,36050.0,1032233.0
2013-04-19,35800.0,36300.0,35650.0,36000.0,36000.0,661007.0
2013-04-22,35750.0,36900.0,35750.0,36500.0,36500.0,624029.0
2013-04-23,36300.0,36500.0,35900.0,36450.0,36450.0,575303.0
2013-04-24,36350.0,36350.0,35650.0,36200.0,36200.0,679433.0
2013-04-25,36200.0,36250.0,35400.0,35650.0,35650.0,993034.0
2013-04-26,35550.0,36000.0,35550.0,35750.0,35750.0,399383.0
2013-04-29,35900.0,36350.0,35800.0,36050.0,36050.0,1113646.0
2013-04-30,36050.0,36550.0,36000.0,36050.0,36050.0,1493584.0
2013-05-02,36150.0,39000.0,36150.0,38200.0,38200.0,4341899.0
2013-05-03,38400.0,39500.0,38000.0,38750.0,38750.0,2776121.0
2013-05-06,38750.0,39200.0,38050.0,38300.0,38300.0,963038.0
2013-05-07,38350.0,39450.0,38300.0,38800.0,38800.0,1273454.0
2013-05-08,39000.0,39300.0,38350.0,38950.0,38950.0,1192247.0
2013-05-09,38950.0,39300.0,38200.0,38400.0,38400.0,1231303.0
2013-05-10,38250.0,38950.0,38150.0,38800.0,38800.0,647936.0
2013-05-13,38850.0,40800.0,38750.0,40250.0,40250.0,2407254.0
2013-05-14,40600.0,41200.0,40350.0,40850.0,40850.0,1598251.0
2013-05-15,40800.0,41050.0,40000.0,40800.0,40800.0,1157268.0
2013-05-16,40850.0,41250.0,40350.0,40850.0,40850.0,774267.0
2013-05-20,40550.0,40900.0,39750.0,40450.0,40450.0,982802.0
2013-05-21,40300.0,40600.0,39800.0,40050.0,40050.0,909072.0
2013-05-22,40200.0,41150.0,39800.0,39900.0,39900.0,969010.0
2013-05-23,39850.0,40800.0,39600.0,40250.0,40250.0,1045079.0
2013-05-24,40450.0,40650.0,40100.0,40300.0,40300.0,434049.0
2013-05-27,40150.0,40400.0,39850.0,40150.0,40150.0,409444.0
2013-05-28,40150.0,40550.0,40150.0,40300.0,40300.0,719726.0
2013-05-29,40600.0,40750.0,38450.0,38900.0,38900.0,1869553.0
2013-05-30,38650.0,38700.0,38000.0,38400.0,38400.0,1486129.0
2013-05-31,38400.0,39050.0,38350.0,38700.0,38700.0,893382.0
2013-06-03,38600.0,38850.0,38250.0,38400.0,38400.0,466089.0
2013-06-04,38500.0,38500.0,37700.0,38000.0,38000.0,1156708.0
2013-06-05,38000.0,38200.0,37450.0,37650.0,37650.0,1116147.0
2013-06-07,37650.0,38100.0,37450.0,37650.0,37650.0,1099902.0
2013-06-10,38150.0,38400.0,37550.0,38150.0,38150.0,639921.0
2013-06-11,38400.0,39100.0,38100.0,38600.0,38600.0,1254727.0
2013-06-12,38600.0,38900.0,37950.0,38150.0,38150.0,663098.0
2013-06-13,38350.0,38400.0,37500.0,37600.0,37600.0,988031.0
2013-06-14,37600.0,38450.0,37600.0,38000.0,38000.0,918523.0
2013-06-17,37850.0,38250.0,37450.0,38150.0,38150.0,874018.0
2013-06-18,38100.0,38150.0,37600.0,37900.0,37900.0,519501.0
2013-06-19,37750.0,37900.0,36900.0,37100.0,37100.0,835194.0
2013-06-20,36750.0,37300.0,36650.0,37000.0,37000.0,732576.0
2013-06-21,36500.0,36700.0,35800.0,36250.0,36250.0,2331631.0
2013-06-24,35950.0,36000.0,35200.0,35400.0,35400.0,902270.0
2013-06-25,35400.0,35400.0,34400.0,34850.0,34850.0,1347820.0
2013-06-26,35300.0,35450.0,34700.0,34950.0,34950.0,1098520.0
2013-06-27,35450.0,36250.0,35300.0,35600.0,35600.0,1020768.0
2013-06-28,35700.0,36300.0,35300.0,35800.0,35800.0,1311981.0
2013-07-01,35700.0,35950.0,34950.0,35100.0,35100.0,1274401.0
2013-07-02,35200.0,35450.0,34800.0,35350.0,35350.0,748526.0
2013-07-03,35250.0,35600.0,34950.0,35000.0,35000.0,549146.0
2013-07-04,35100.0,36350.0,35050.0,35900.0,35900.0,768273.0
2013-07-05,36100.0,36600.0,35650.0,36200.0,36200.0,685244.0
2013-07-08,36150.0,36600.0,35550.0,35600.0,35600.0,568556.0
2013-07-09,35900.0,36500.0,35500.0,36200.0,36200.0,773579.0
2013-07-10,36200.0,36300.0,35450.0,35800.0,35800.0,670194.0
2013-07-11,36300.0,36300.0,35600.0,35850.0,35850.0,1235828.0
2013-07-12,35900.0,36300.0,35700.0,36200.0,36200.0,1039675.0
2013-07-15,36300.0,36300.0,35300.0,35400.0,35400.0,1665747.0
2013-07-16,35450.0,35600.0,34800.0,35000.0,35000.0,1368981.0
2013-07-17,34500.0,34750.0,33800.0,34050.0,34050.0,3773290.0
2013-07-18,33900.0,35150.0,33800.0,34600.0,34600.0,2529136.0
2013-07-19,34950.0,35650.0,34800.0,35550.0,35550.0,1620114.0
2013-07-22,35550.0,35800.0,35050.0,35400.0,35400.0,892825.0
2013-07-23,35400.0,35800.0,35150.0,35800.0,35800.0,966390.0
2013-07-24,35750.0,35800.0,35450.0,35700.0,35700.0,522954.0
2013-07-25,35400.0,36150.0,35400.0,36000.0,36000.0,649742.0
2013-07-26,36000.0,36200.0,35800.0,36100.0,36100.0,577794.0
2013-07-29,36000.0,36800.0,35900.0,36400.0,36400.0,818166.0
2013-07-30,36200.0,36700.0,35950.0,36700.0,36700.0,717741.0
2013-07-31,36500.0,36650.0,36250.0,36400.0,36400.0,713069.0
2013-08-01,36500.0,36500.0,35950.0,36250.0,36250.0,554048.0
2013-08-02,36050.0,36650.0,35600.0,36600.0,36600.0,1630939.0
2013-08-05,36600.0,36850.0,36050.0,36100.0,36100.0,559079.0
2013-08-06,36050.0,36200.0,35750.0,35800.0,35800.0,584862.0
2013-08-07,35750.0,36000.0,35350.0,35350.0,35350.0,969620.0
2013-08-08,35400.0,35800.0,35050.0,35500.0,35500.0,689905.0
2013-08-09,35500.0,36250.0,35350.0,35950.0,35950.0,889292.0
2013-08-12,35800.0,36200.0,35700.0,35950.0,35950.0,445866.0
2013-08-13,36000.0,36000.0,35250.0,35300.0,35300.0,959097.0
2013-08-14,35500.0,35700.0,35300.0,35450.0,35450.0,504152.0
2013-08-16,35550.0,35650.0,35100.0,35500.0,35500.0,632298.0
2013-08-19,35500.0,35950.0,35500.0,35650.0,35650.0,554974.0
2013-08-20,35600.0,35750.0,35250.0,35450.0,35450.0,781167.0
2013-08-21,35400.0,35500.0,34800.0,35100.0,35100.0,828770.0
2013-08-22,34800.0,35000.0,34300.0,34800.0,34800.0,699410.0
2013-08-23,34800.0,34900.0,34450.0,34650.0,34650.0,619153.0
2013-08-26,34900.0,35000.0,34650.0,34800.0,34800.0,475080.0
2013-08-27,34600.0,34850.0,34450.0,34550.0,34550.0,849902.0
2013-08-28,34450.0,34950.0,34150.0,34950.0,34950.0,1019391.0
2013-08-29,34950.0,36100.0,34900.0,35750.0,35750.0,1742867.0
2013-08-30,35950.0,36450.0,35900.0,36100.0,36100.0,1269559.0
2013-09-02,37100.0,37450.0,36600.0,36750.0,36750.0,2569776.0
2013-09-03,37200.0,37500.0,36750.0,36750.0,36750.0,1263167.0
2013-09-04,36800.0,36850.0,36350.0,36450.0,36450.0,919166.0
2013-09-05,36350.0,36600.0,36000.0,36450.0,36450.0,1283755.0
2013-09-06,36500.0,36900.0,36250.0,36850.0,36850.0,830014.0
2013-09-09,37250.0,37300.0,36550.0,36850.0,36850.0,946692.0
2013-09-10,36700.0,36950.0,36200.0,36350.0,36350.0,1450921.0
2013-09-11,36600.0,36850.0,36200.0,36350.0,36350.0,1208145.0
2013-09-12,36350.0,37150.0,36250.0,37000.0,37000.0,1304423.0
2013-09-13,37300.0,37500.0,36950.0,37000.0,37000.0,1053221.0
2013-09-16,37100.0,37300.0,36300.0,36650.0,36650.0,1130101.0
2013-09-17,36400.0,36600.0,36050.0,36250.0,36250.0,1088349.0
2013-09-23,36250.0,36300.0,35850.0,36000.0,36000.0,1123902.0
2013-09-24,36000.0,36150.0,35850.0,36000.0,36000.0,977015.0
2013-09-25,36100.0,36600.0,36000.0,36400.0,36400.0,737665.0
2013-09-26,36400.0,36500.0,36000.0,36500.0,36500.0,896019.0
2013-09-27,36300.0,36350.0,35900.0,35950.0,35950.0,1233904.0
2013-09-30,36100.0,36100.0,35850.0,35950.0,35950.0,724346.0
2013-10-01,36000.0,36400.0,35950.0,36050.0,36050.0,894954.0
2013-10-02,36350.0,36650.0,36050.0,36100.0,36100.0,1101247.0
2013-10-04,36400.0,36700.0,36150.0,36600.0,36600.0,1208177.0
2013-10-07,36750.0,36950.0,36600.0,36850.0,36850.0,849976.0
2013-10-08,36900.0,36950.0,36100.0,36250.0,36250.0,1307471.0
2013-10-10,36300.0,36350.0,35900.0,36050.0,36050.0,1037335.0
2013-10-11,36200.0,36300.0,35750.0,36050.0,36050.0,1349901.0
2013-10-14,36100.0,36150.0,35500.0,35600.0,35600.0,1120344.0
2013-10-15,35700.0,35950.0,35200.0,35500.0,35500.0,1639880.0
2013-10-16,35500.0,35600.0,35100.0,35600.0,35600.0,1104280.0
2013-10-17,35850.0,35900.0,35600.0,35800.0,35800.0,1299813.0
2013-10-18,35900.0,36300.0,35650.0,36300.0,36300.0,786126.0
2013-10-21,36400.0,36500.0,36250.0,36450.0,36450.0,907402.0
2013-10-22,36450.0,36700.0,35400.0,35600.0,35600.0,2651483.0
2013-10-23,35600.0,35900.0,35400.0,35600.0,35600.0,1382695.0
2013-10-24,35750.0,35750.0,35350.0,35700.0,35700.0,1512975.0
2013-10-25,35500.0,35650.0,35200.0,35450.0,35450.0,1247471.0
2013-10-28,35650.0,35700.0,35250.0,35550.0,35550.0,1380221.0
2013-10-29,35450.0,35600.0,35250.0,35600.0,35600.0,1163187.0
2013-10-30,35550.0,35600.0,35100.0,35350.0,35350.0,1262023.0
2013-10-31,35150.0,35400.0,34950.0,35050.0,35050.0,1269063.0
2013-11-01,35050.0,35450.0,35000.0,35200.0,35200.0,686819.0
2013-11-04,35350.0,35400.0,34000.0,34400.0,34400.0,2654461.0
2013-11-05,34000.0,34150.0,32900.0,33200.0,33200.0,2877178.0
2013-11-06,33100.0,33250.0,32550.0,32800.0,32800.0,2481737.0
2013-11-07,32850.0,33200.0,32600.0,33000.0,33000.0,1553833.0
2013-11-08,32800.0,33000.0,31900.0,32500.0,32500.0,2127111.0
2013-11-11,32550.0,32550.0,31500.0,31600.0,31600.0,1650139.0
2013-11-12,31600.0,32700.0,31300.0,32700.0,32700.0,1611184.0
2013-11-13,32700.0,33300.0,32700.0,33000.0,33000.0,1881741.0
2013-11-14,32800.0,33350.0,32750.0,33000.0,33000.0,908142.0
2013-11-15,33200.0,33550.0,33150.0,33400.0,33400.0,703530.0
2013-11-18,33350.0,33500.0,32550.0,32700.0,32700.0,974208.0
2013-11-19,32700.0,33200.0,32500.0,32750.0,32750.0,1054825.0
2013-11-20,32750.0,33100.0,32700.0,33100.0,33100.0,701845.0
2013-11-21,33150.0,33300.0,32900.0,32900.0,32900.0,611143.0
2013-11-22,33150.0,33450.0,33000.0,33450.0,33450.0,709552.0
2013-11-25,33300.0,33600.0,33100.0,33350.0,33350.0,691257.0
2013-11-26,33100.0,33200.0,32850.0,33100.0,33100.0,1159216.0
2013-11-27,33100.0,33300.0,32900.0,33150.0,33150.0,625840.0
2013-11-28,33200.0,33800.0,33200.0,33800.0,33800.0,947877.0
2013-11-29,33650.0,33850.0,33550.0,33750.0,33750.0,502433.0
2013-12-02,31500.0,32050.0,31100.0,31450.0,31450.0,6620398.0
2013-12-03,31100.0,31400.0,30750.0,30900.0,30900.0,2694513.0
2013-12-04,30800.0,31100.0,30700.0,30750.0,30750.0,1325689.0
2013-12-05,30850.0,31000.0,30500.0,30500.0,30500.0,1398216.0
2013-12-06,30600.0,30850.0,30300.0,30500.0,30500.0,1053442.0
2013-12-09,30700.0,30750.0,30300.0,30350.0,30350.0,1407728.0
2013-12-10,30200.0,30300.0,29900.0,29950.0,29950.0,1414931.0
2013-12-11,29850.0,30750.0,29550.0,30550.0,30550.0,2014285.0
2013-12-12,30400.0,30900.0,30200.0,30700.0,30700.0,1831292.0
2013-12-13,30700.0,30850.0,30450.0,30650.0,30650.0,1001678.0
2013-12-16,30700.0,30900.0,30550.0,30550.0,30550.0,1180006.0
2013-12-17,31300.0,31400.0,30850.0,31000.0,31000.0,1963478.0
2013-12-18,30950.0,31150.0,30800.0,30950.0,30950.0,958159.0
2013-12-19,31100.0,31300.0,30950.0,31100.0,31100.0,1010573.0
2013-12-20,30850.0,31050.0,30800.0,30850.0,30850.0,969432.0
2013-12-23,30950.0,31850.0,30900.0,31700.0,31700.0,1580870.0
2013-12-24,31700.0,32400.0,31650.0,32100.0,32100.0,2067879.0
2013-12-26,32200.0,32400.0,31700.0,31800.0,31800.0,1964080.0
2013-12-27,31500.0,31550.0,31150.0,31550.0,31550.0,1447004.0
2013-12-30,31600.0,31750.0,31250.0,31550.0,31550.0,983103.0
2014-01-02,31600.0,31700.0,30900.0,30900.0,30900.0,941595.0
2014-01-03,30800.0,30950.0,30450.0,30600.0,30600.0,983756.0
2014-01-06,30600.0,31150.0,30500.0,31150.0,31150.0,729901.0
2014-01-07,30900.0,31250.0,30750.0,30950.0,30950.0,985463.0
2014-01-08,30950.0,31250.0,30600.0,30800.0,30800.0,944141.0
2014-01-09,30850.0,31900.0,30850.0,31900.0,31900.0,1882564.0
2014-01-10,31800.0,31800.0,30900.0,31300.0,31300.0,1385904.0
2014-01-13,31300.0,31700.0,31150.0,31600.0,31600.0,706282.0
2014-01-14,31350.0,31450.0,31150.0,31150.0,31150.0,765505.0
2014-01-15,31150.0,31250.0,30900.0,31000.0,31000.0,803616.0
2014-01-16,31000.0,31100.0,30550.0,30700.0,30700.0,1099931.0
2014-01-17,30800.0,31050.0,30700.0,30700.0,30700.0,525448.0
2014-01-20,30700.0,31000.0,30650.0,30750.0,30750.0,496022.0
2014-01-21,30800.0,31000.0,30700.0,30850.0,30850.0,291291.0
2014-01-22,31000.0,31000.0,30850.0,30850.0,30850.0,412028.0
2014-01-23,30850.0,30850.0,30300.0,30400.0,30400.0,893616.0
2014-01-24,30400.0,30400.0,29900.0,30200.0,30200.0,1080375.0
2014-01-27,29850.0,30300.0,29550.0,29850.0,29850.0,1131230.0
2014-01-28,29700.0,31500.0,29700.0,31200.0,31200.0,2714006.0
2014-01-29,31150.0,31500.0,30750.0,30800.0,30800.0,1372246.0
2014-02-03,31050.0,31450.0,30850.0,30850.0,30850.0,1083301.0
2014-02-04,30750.0,30950.0,30450.0,30600.0,30600.0,1137383.0
2014-02-05,30600.0,30800.0,30200.0,30350.0,30350.0,990070.0
2014-02-06,30200.0,30800.0,30150.0,30200.0,30200.0,1009422.0
2014-02-07,30050.0,30300.0,29900.0,30100.0,30100.0,1110574.0
2014-02-10,30300.0,30350.0,30100.0,30250.0,30250.0,603269.0
2014-02-11,30300.0,30350.0,29600.0,29900.0,29900.0,1420386.0
2014-02-12,30050.0,30150.0,29800.0,30100.0,30100.0,705797.0
2014-02-13,30000.0,30350.0,29900.0,30200.0,30200.0,1316776.0
2014-02-14,30200.0,30450.0,29850.0,29900.0,29900.0,1035826.0
2014-02-17,30100.0,30200.0,29850.0,29950.0,29950.0,779034.0
2014-02-18,29950.0,30150.0,29850.0,30100.0,30100.0,537147.0
2014-02-19,29900.0,30000.0,29600.0,29750.0,29750.0,1366980.0
2014-02-20,29650.0,29750.0,29300.0,29500.0,29500.0,1227157.0
2014-02-21,29450.0,29500.0,29150.0,29350.0,29350.0,1153525.0
2014-02-24,29250.0,29450.0,28850.0,29100.0,29100.0,1234528.0
2014-02-25,29200.0,29950.0,29200.0,29850.0,29850.0,1098742.0
2014-02-26,29750.0,30200.0,29650.0,30100.0,30100.0,947075.0
2014-02-27,29950.0,30150.0,29850.0,29950.0,29950.0,594098.0
2014-02-28,30100.0,30400.0,29900.0,30350.0,30350.0,3081895.0
2014-03-03,30300.0,30400.0,29500.0,29750.0,29750.0,1235976.0
2014-03-04,29550.0,29600.0,29150.0,29300.0,29300.0,979865.0
2014-03-05,29450.0,29600.0,29400.0,29400.0,29400.0,611898.0
2014-03-06,29600.0,29750.0,29400.0,29400.0,29400.0,653083.0
2014-03-07,28650.0,29100.0,28500.0,29100.0,29100.0,1916431.0
2014-03-10,29050.0,29100.0,28600.0,28800.0,28800.0,947333.0
2014-03-11,28700.0,28850.0,28350.0,28600.0,28600.0,1134044.0
2014-03-12,28500.0,28600.0,28250.0,28300.0,28300.0,775251.0
2014-03-13,28400.0,29250.0,28300.0,29000.0,29000.0,1455515.0
2014-03-14,28950.0,29200.0,28750.0,28750.0,28750.0,697773.0
2014-03-17,29000.0,29050.0,28800.0,28850.0,28850.0,454951.0
2014-03-18,29000.0,29350.0,28800.0,29150.0,29150.0,642448.0
2014-03-19,29250.0,29550.0,29200.0,29350.0,29350.0,678526.0
2014-03-20,29400.0,29400.0,29000.0,29300.0,29300.0,695743.0
2014-03-21,29350.0,29350.0,28900.0,29150.0,29150.0,691291.0
2014-03-24,29100.0,29400.0,29000.0,29000.0,29000.0,548705.0
2014-03-25,29050.0,29600.0,29050.0,29300.0,29300.0,659318.0
2014-03-26,29400.0,29650.0,29200.0,29500.0,29500.0,690976.0
2014-03-27,29600.0,29900.0,29450.0,29900.0,29900.0,814220.0
2014-03-28,29800.0,29900.0,29650.0,29700.0,29700.0,442029.0
2014-03-31,29650.0,29750.0,29350.0,29550.0,29550.0,573109.0
2014-04-01,29500.0,29600.0,29350.0,29450.0,29450.0,573667.0
2014-04-02,29450.0,29650.0,29100.0,29100.0,29100.0,1169489.0
2014-04-03,29100.0,29200.0,28550.0,28700.0,28700.0,2150260.0
2014-04-04,28800.0,29000.0,28650.0,29000.0,29000.0,699490.0
2014-04-07,29000.0,29400.0,28700.0,29250.0,29250.0,1204617.0
2014-04-08,29450.0,32000.0,29400.0,31250.0,31250.0,7509245.0
2014-04-09,31400.0,32800.0,31350.0,32600.0,32600.0,6702763.0
2014-04-10,32700.0,32900.0,32050.0,32300.0,32300.0,2470363.0
2014-04-11,32000.0,32450.0,31900.0,32300.0,32300.0,1508337.0
2014-04-14,32050.0,32650.0,32000.0,32150.0,32150.0,1271236.0
2014-04-15,32200.0,32500.0,32000.0,32350.0,32350.0,1138132.0
2014-04-16,32300.0,32400.0,32050.0,32200.0,32200.0,1093796.0
2014-04-17,32400.0,32400.0,31750.0,31900.0,31900.0,1082424.0
2014-04-18,31900.0,32100.0,31400.0,31500.0,31500.0,1112556.0
2014-04-21,31500.0,31750.0,31150.0,31400.0,31400.0,849310.0
2014-04-22,32050.0,32250.0,31250.0,31900.0,31900.0,2456853.0
2014-04-23,32000.0,32800.0,31800.0,32650.0,32650.0,2489741.0
2014-04-24,32750.0,33250.0,32450.0,32500.0,32500.0,2026920.0
2014-04-25,32350.0,32550.0,31900.0,32050.0,32050.0,1038920.0
2014-04-28,32100.0,32750.0,32100.0,32600.0,32600.0,1210269.0
2014-04-29,32600.0,32900.0,32350.0,32600.0,32600.0,754520.0
2014-04-30,32800.0,32850.0,32200.0,32800.0,32800.0,1266987.0
2014-05-02,32850.0,33000.0,32500.0,32650.0,32650.0,1118347.0
2014-05-07,32500.0,32650.0,32350.0,32400.0,32400.0,829556.0
2014-05-08,32900.0,32900.0,31800.0,31950.0,31950.0,1500550.0
2014-05-09,32250.0,32400.0,32000.0,32250.0,32250.0,1137432.0
2014-05-12,32350.0,32450.0,32050.0,32050.0,32050.0,698431.0
2014-05-13,32150.0,32250.0,31700.0,32000.0,32000.0,853839.0
2014-05-14,32000.0,32650.0,32000.0,32500.0,32500.0,836155.0
2014-05-15,32600.0,32650.0,32200.0,32250.0,32250.0,510158.0
2014-05-16,32500.0,32500.0,31900.0,32100.0,32100.0,685306.0
2014-05-19,32150.0,32250.0,31800.0,31950.0,31950.0,590696.0
2014-05-20,32000.0,32600.0,31800.0,32500.0,32500.0,843228.0
2014-05-21,32450.0,32500.0,31800.0,32050.0,32050.0,832849.0
2014-05-22,32000.0,32150.0,31600.0,31850.0,31850.0,919013.0
2014-05-23,31850.0,32050.0,31500.0,31700.0,31700.0,753678.0
2014-05-26,31700.0,31850.0,31600.0,31750.0,31750.0,408175.0
2014-05-27,31600.0,31800.0,31400.0,31550.0,31550.0,516321.0
2014-05-28,31600.0,31650.0,31150.0,31350.0,31350.0,688467.0
2014-05-29,31400.0,31450.0,30500.0,30750.0,30750.0,1209565.0
2014-05-30,30800.0,30850.0,29850.0,30400.0,30400.0,1968370.0
2014-06-02,30400.0,30500.0,29900.0,30100.0,30100.0,759235.0
2014-06-03,30100.0,30100.0,29450.0,29800.0,29800.0,1552747.0
2014-06-05,29700.0,29800.0,29150.0,29450.0,29450.0,891429.0
2014-06-09,29450.0,30100.0,29450.0,30050.0,30050.0,738905.0
2014-06-10,29950.0,30100.0,29800.0,30050.0,30050.0,975821.0
2014-06-11,30250.0,30250.0,29850.0,29900.0,29900.0,787648.0
2014-06-12,30300.0,30750.0,30000.0,30150.0,30150.0,1295250.0
2014-06-13,30350.0,30400.0,29850.0,29900.0,29900.0,763272.0
2014-06-16,29900.0,30050.0,29550.0,29900.0,29900.0,626150.0
2014-06-17,29950.0,30000.0,29600.0,29700.0,29700.0,816841.0
2014-06-18,29700.0,30300.0,29550.0,29850.0,29850.0,773724.0
2014-06-19,30200.0,30600.0,30050.0,30400.0,30400.0,1120586.0
2014-06-20,30600.0,30750.0,30250.0,30450.0,30450.0,646156.0
2014-06-23,30250.0,30350.0,30050.0,30350.0,30350.0,582530.0
2014-06-24,30100.0,30650.0,30100.0,30550.0,30550.0,756353.0
2014-06-25,30600.0,30850.0,30450.0,30600.0,30600.0,579719.0
2014-06-26,30400.0,30600.0,30000.0,30200.0,30200.0,838385.0
2014-06-27,30200.0,30450.0,29950.0,30450.0,30450.0,512334.0
2014-06-30,30550.0,30750.0,30500.0,30550.0,30550.0,725785.0
2014-07-01,30600.0,30950.0,30450.0,30800.0,30800.0,591895.0
2014-07-02,30850.0,31200.0,30800.0,31150.0,31150.0,843730.0
2014-07-03,31050.0,31250.0,30850.0,31150.0,31150.0,449623.0
2014-07-04,31150.0,31750.0,31000.0,31600.0,31600.0,1173702.0
2014-07-07,31650.0,31800.0,31250.0,31400.0,31400.0,544402.0
2014-07-08,31300.0,31300.0,30600.0,30700.0,30700.0,787169.0
2014-07-09,30600.0,30900.0,30250.0,30350.0,30350.0,832692.0
2014-07-10,30550.0,30600.0,30100.0,30350.0,30350.0,685314.0
2014-07-11,30200.0,30350.0,30000.0,30100.0,30100.0,764857.0
2014-07-14,30250.0,30300.0,30000.0,30000.0,30000.0,497691.0
2014-07-15,30050.0,30500.0,30050.0,30150.0,30150.0,562222.0
2014-07-16,30050.0,30200.0,29900.0,30050.0,30050.0,660815.0
2014-07-17,30050.0,30150.0,29800.0,29800.0,29800.0,656133.0
2014-07-18,29800.0,29850.0,29550.0,29650.0,29650.0,659930.0
2014-07-21,29600.0,29900.0,29600.0,29750.0,29750.0,432013.0
2014-07-22,29750.0,30000.0,29700.0,29900.0,29900.0,381931.0
2014-07-23,30100.0,30100.0,29900.0,29950.0,29950.0,366845.0
2014-07-24,30000.0,30250.0,29800.0,29800.0,29800.0,689148.0
2014-07-25,29900.0,30150.0,29850.0,30000.0,30000.0,510961.0
2014-07-28,30050.0,31000.0,29950.0,30750.0,30750.0,1208211.0
2014-07-29,30850.0,31550.0,30850.0,31300.0,31300.0,2024700.0
2014-07-30,31650.0,33450.0,31650.0,33350.0,33350.0,6883618.0
2014-07-31,33500.0,33700.0,32950.0,33300.0,33300.0,2908570.0
2014-08-01,33000.0,33750.0,32900.0,33300.0,33300.0,2104883.0
2014-08-04,33350.0,33500.0,32900.0,33350.0,33350.0,1194256.0
2014-08-05,33350.0,33350.0,32950.0,33050.0,33050.0,787347.0
2014-08-06,33000.0,33300.0,32950.0,33150.0,33150.0,688112.0
2014-08-07,33200.0,33800.0,32750.0,33650.0,33650.0,1276198.0
2014-08-08,33600.0,34750.0,33550.0,34500.0,34500.0,3584026.0
2014-08-11,34700.0,34800.0,34200.0,34500.0,34500.0,1239407.0
2014-08-12,34550.0,34700.0,33700.0,33800.0,33800.0,1103414.0
2014-08-13,33750.0,34500.0,33150.0,34200.0,34200.0,1456454.0
2014-08-14,34050.0,34300.0,33800.0,33800.0,33800.0,822122.0
2014-08-18,33950.0,34750.0,33900.0,34500.0,34500.0,1205860.0
2014-08-19,34500.0,35200.0,34450.0,35100.0,35100.0,1622245.0
2014-08-20,35000.0,35150.0,34750.0,35150.0,35150.0,794890.0
2014-08-21,34900.0,35100.0,34300.0,34650.0,34650.0,1072479.0
2014-08-22,34400.0,34600.0,33550.0,33800.0,33800.0,1152926.0
2014-08-25,33750.0,34800.0,33300.0,34650.0,34650.0,980772.0
2014-08-26,34600.0,34950.0,34350.0,34650.0,34650.0,572414.0
2014-08-27,34600.0,35000.0,34600.0,34750.0,34750.0,657297.0
2014-08-28,34700.0,35150.0,34600.0,34850.0,34850.0,634150.0
2014-08-29,35000.0,35250.0,34550.0,35000.0,35000.0,897579.0
2014-09-01,34750.0,35250.0,34750.0,35150.0,35150.0,680133.0
2014-09-02,35050.0,35200.0,34450.0,34850.0,34850.0,646266.0
2014-09-03,34550.0,35350.0,34550.0,35200.0,35200.0,1057040.0
2014-09-04,35200.0,35950.0,34850.0,35800.0,35800.0,2311291.0
2014-09-05,35700.0,35950.0,35600.0,35750.0,35750.0,746008.0
2014-09-11,35550.0,35950.0,35200.0,35200.0,35200.0,903215.0
2014-09-12,35450.0,36200.0,35350.0,36050.0,36050.0,1059089.0
2014-09-15,36050.0,36350.0,35750.0,36050.0,36050.0,637187.0
2014-09-16,36050.0,36150.0,35450.0,35500.0,35500.0,689650.0
2014-09-17,35450.0,36000.0,35400.0,35700.0,35700.0,697592.0
2014-09-18,35500.0,35650.0,35100.0,35250.0,35250.0,762968.0
2014-09-19,35200.0,35850.0,35200.0,35850.0,35850.0,719965.0
2014-09-22,35950.0,36000.0,35600.0,35800.0,35800.0,717225.0
2014-09-23,35800.0,37000.0,35750.0,36800.0,36800.0,2122154.0
2014-09-24,36700.0,37000.0,34950.0,35700.0,35700.0,2149924.0
2014-09-25,35650.0,36100.0,34350.0,34600.0,34600.0,1739142.0
2014-09-26,34550.0,34850.0,34200.0,34650.0,34650.0,949360.0
2014-09-29,34700.0,35300.0,34650.0,34650.0,34650.0,930358.0
2014-09-30,34750.0,35050.0,33900.0,34300.0,34300.0,1075952.0
2014-10-01,34750.0,35050.0,34200.0,34450.0,34450.0,958616.0
2014-10-02,34400.0,35300.0,34250.0,35050.0,35050.0,1081172.0
2014-10-06,35050.0,35150.0,33600.0,34000.0,34000.0,1146689.0
2014-10-07,34000.0,34600.0,33750.0,34450.0,34450.0,688818.0
2014-10-08,34450.0,35350.0,34400.0,35250.0,35250.0,1222098.0
2014-10-10,35250.0,35250.0,34550.0,35100.0,35100.0,764502.0
2014-10-13,34400.0,34550.0,34050.0,34450.0,34450.0,697561.0
2014-10-14,34550.0,34550.0,32900.0,33250.0,33250.0,1438898.0
2014-10-15,33050.0,33150.0,32100.0,32600.0,32600.0,1894235.0
2014-10-16,32400.0,32850.0,31950.0,32800.0,32800.0,1338941.0
2014-10-17,32750.0,32850.0,30500.0,30700.0,30700.0,3402139.0
2014-10-20,30850.0,31550.0,30750.0,30900.0,30900.0,1054894.0
2014-10-21,30950.0,31450.0,30500.0,31200.0,31200.0,1075849.0
2014-10-22,31350.0,31650.0,30700.0,31100.0,31100.0,979991.0
2014-10-23,30850.0,31000.0,30650.0,30850.0,30850.0,849831.0
2014-10-24,31050.0,31100.0,30750.0,31000.0,31000.0,709905.0
2014-10-27,31100.0,31850.0,31100.0,31600.0,31600.0,1038929.0
2014-10-28,31650.0,32650.0,31500.0,32300.0,32300.0,1179934.0
2014-10-29,32450.0,32650.0,31700.0,32550.0,32550.0,1051792.0
2014-10-30,32300.0,32400.0,31800.0,32050.0,32050.0,569718.0
2014-10-31,31950.0,33150.0,31900.0,32800.0,32800.0,1573332.0
2014-11-03,32600.0,33800.0,32450.0,33350.0,33350.0,1195946.0
2014-11-04,33300.0,33650.0,32750.0,32950.0,32950.0,769478.0
2014-11-05,33050.0,33050.0,32600.0,32900.0,32900.0,597406.0
2014-11-06,32700.0,32700.0,31450.0,31750.0,31750.0,1776984.0
2014-11-07,31750.0,32150.0,31650.0,31950.0,31950.0,1029470.0
2014-11-10,32100.0,32350.0,31650.0,31800.0,31800.0,823707.0
2014-11-11,31950.0,32100.0,31700.0,32100.0,32100.0,606056.0
2014-11-12,32100.0,32600.0,32000.0,32050.0,32050.0,493747.0
2014-11-13,32000.0,32450.0,31850.0,32450.0,32450.0,520610.0
2014-11-14,32400.0,32500.0,32150.0,32250.0,32250.0,419146.0
2014-11-17,32100.0,32250.0,31950.0,32250.0,32250.0,398446.0
2014-11-18,32400.0,32750.0,32200.0,32500.0,32500.0,710391.0
2014-11-19,32700.0,33100.0,32600.0,33000.0,33000.0,841825.0
2014-11-20,33300.0,33600.0,33100.0,33200.0,33200.0,775252.0
2014-11-21,33000.0,33450.0,32950.0,33450.0,33450.0,468315.0
2014-11-24,33350.0,33600.0,32700.0,33250.0,33250.0,998442.0
2014-11-25,33400.0,33400.0,33050.0,33150.0,33150.0,556600.0
2014-11-26,33400.0,33400.0,32900.0,33100.0,33100.0,486059.0
2014-11-27,33100.0,33100.0,32600.0,32800.0,32800.0,456687.0
2014-11-28,32600.0,33050.0,32250.0,32550.0,32550.0,762944.0
2014-12-01,32550.0,32850.0,32000.0,32300.0,32300.0,713862.0
2014-12-02,32200.0,32350.0,31500.0,31650.0,31650.0,883230.0
2014-12-03,32000.0,32200.0,31800.0,31850.0,31850.0,492767.0
2014-12-04,31850.0,32600.0,31800.0,32250.0,32250.0,777549.0
2014-12-05,32200.0,32600.0,32100.0,32300.0,32300.0,454742.0
2014-12-08,32200.0,32300.0,31900.0,32150.0,32150.0,536467.0
2014-12-09,32100.0,32200.0,31800.0,31950.0,31950.0,398964.0
2014-12-10,31750.0,32000.0,31350.0,31750.0,31750.0,666289.0
2014-12-11,31300.0,31550.0,31100.0,31350.0,31350.0,805094.0
2014-12-12,31200.0,31700.0,31050.0,31600.0,31600.0,393322.0
2014-12-15,31200.0,31600.0,31150.0,31450.0,31450.0,606202.0
2014-12-16,31150.0,31650.0,31100.0,31650.0,31650.0,688026.0
2014-12-17,31800.0,31800.0,31200.0,31500.0,31500.0,690501.0
2014-12-18,31500.0,32050.0,31450.0,31550.0,31550.0,657702.0
2014-12-19,31750.0,32000.0,31550.0,31800.0,31800.0,613464.0
2014-12-22,31600.0,32100.0,31450.0,31850.0,31850.0,610996.0
2014-12-23,32000.0,33300.0,31950.0,32500.0,32500.0,1277926.0
2014-12-24,32600.0,32750.0,32050.0,32300.0,32300.0,804590.0
2014-12-26,32250.0,32300.0,31800.0,31800.0,31800.0,829426.0
2014-12-29,31550.0,31800.0,31150.0,31200.0,31200.0,768760.0
2014-12-30,31150.0,31550.0,31100.0,31250.0,31250.0,659905.0
2015-01-02,31100.0,31850.0,31050.0,31600.0,31600.0,631854.0
2015-01-05,31400.0,32150.0,31250.0,31900.0,31900.0,666068.0
2015-01-06,31600.0,31750.0,31250.0,31500.0,31500.0,812604.0
2015-01-07,31300.0,31300.0,30600.0,30850.0,30850.0,1327483.0
2015-01-08,30750.0,30850.0,29900.0,30300.0,30300.0,1865853.0
2015-01-09,30500.0,30550.0,29850.0,29900.0,29900.0,1707266.0
2015-01-12,30100.0,30250.0,29750.0,29950.0,29950.0,884818.0
2015-01-13,29800.0,30300.0,29800.0,29950.0,29950.0,857981.0
2015-01-14,30000.0,30150.0,29900.0,30000.0,30000.0,545155.0
2015-01-15,29950.0,30150.0,29800.0,29950.0,29950.0,637586.0
2015-01-16,29950.0,30100.0,29650.0,29950.0,29950.0,1120487.0
2015-01-19,30000.0,30100.0,29750.0,29800.0,29800.0,567426.0
2015-01-20,29850.0,30100.0,29800.0,29900.0,29900.0,594961.0
2015-01-21,30150.0,30350.0,30050.0,30300.0,30300.0,817698.0
2015-01-22,30500.0,30550.0,29800.0,30000.0,30000.0,1411586.0
2015-01-23,30300.0,30550.0,30200.0,30550.0,30550.0,1459595.0
2015-01-26,30550.0,30550.0,30050.0,30400.0,30400.0,581057.0
2015-01-27,30350.0,30400.0,30050.0,30300.0,30300.0,724346.0
2015-01-28,30050.0,30550.0,29750.0,30000.0,30000.0,1394519.0
2015-01-29,30000.0,30000.0,29750.0,29950.0,29950.0,854373.0
2015-01-30,29850.0,30100.0,29550.0,29950.0,29950.0,1592112.0
2015-02-02,29900.0,29950.0,29600.0,29750.0,29750.0,1006235.0
2015-02-03,29700.0,29850.0,29500.0,29550.0,29550.0,1016653.0
2015-02-04,29550.0,29650.0,29050.0,29300.0,29300.0,1567502.0
2015-02-05,29400.0,29450.0,29050.0,29250.0,29250.0,787700.0
2015-02-06,29250.0,29300.0,28650.0,28850.0,28850.0,1261523.0
2015-02-09,28900.0,29150.0,28500.0,28500.0,28500.0,1066702.0
2015-02-10,28500.0,28800.0,28500.0,28700.0,28700.0,552807.0
2015-02-11,28850.0,29550.0,28800.0,29250.0,29250.0,1174743.0
2015-02-12,29350.0,29550.0,29050.0,29400.0,29400.0,1032457.0
2015-02-13,29150.0,29400.0,29050.0,29200.0,29200.0,932229.0
2015-02-16,29100.0,29800.0,29050.0,29250.0,29250.0,963757.0
2015-02-17,29450.0,30150.0,29300.0,30000.0,30000.0,1503690.0
2015-02-23,30300.0,30700.0,30200.0,30600.0,30600.0,1651129.0
2015-02-24,30400.0,30700.0,30150.0,30250.0,30250.0,1236893.0
2015-02-25,30300.0,30850.0,30300.0,30500.0,30500.0,1262446.0
2015-02-26,30600.0,30700.0,30350.0,30600.0,30600.0,861353.0
2015-02-27,30450.0,30800.0,30250.0,30600.0,30600.0,3402100.0
2015-03-02,30900.0,30950.0,30450.0,30600.0,30600.0,998846.0
2015-03-03,30600.0,30700.0,30300.0,30400.0,30400.0,937527.0
2015-03-04,30500.0,30550.0,30300.0,30400.0,30400.0,628821.0
2015-03-05,30350.0,30450.0,30150.0,30250.0,30250.0,498591.0
2015-03-06,30500.0,30850.0,30450.0,30700.0,30700.0,1016533.0
2015-03-09,30950.0,30950.0,30100.0,30450.0,30450.0,1018669.0
2015-03-10,30250.0,30350.0,29750.0,29850.0,29850.0,1079730.0
2015-03-11,29550.0,29700.0,29200.0,29350.0,29350.0,1334052.0
2015-03-12,29400.0,30050.0,29150.0,29150.0,29150.0,1513995.0
2015-03-13,29350.0,29900.0,29350.0,29750.0,29750.0,978122.0
2015-03-16,29750.0,29800.0,29450.0,29650.0,29650.0,398098.0
2015-03-17,29650.0,29950.0,29600.0,29850.0,29850.0,602140.0
2015-03-18,29700.0,30100.0,29700.0,29800.0,29800.0,777666.0
2015-03-19,30000.0,30100.0,29900.0,29950.0,29950.0,564296.0
2015-03-20,30150.0,30200.0,29550.0,29700.0,29700.0,1480656.0
2015-03-23,29700.0,29750.0,29200.0,29450.0,29450.0,971941.0
2015-03-24,29550.0,29650.0,29200.0,29300.0,29300.0,841078.0
2015-03-25,29300.0,29450.0,29150.0,29150.0,29150.0,735056.0
2015-03-26,29300.0,29450.0,29150.0,29300.0,29300.0,730981.0
2015-03-27,29250.0,29550.0,29200.0,29450.0,29450.0,898554.0
2015-03-30,29550.0,29550.0,29200.0,29250.0,29250.0,602628.0
2015-03-31,29350.0,29400.0,28950.0,29000.0,29000.0,1023394.0
2015-04-01,29200.0,29250.0,28900.0,29000.0,29000.0,830587.0
2015-04-02,29150.0,29200.0,28900.0,29100.0,29100.0,710092.0
2015-04-03,29100.0,29450.0,29100.0,29250.0,29250.0,498230.0
2015-04-06,29300.0,29300.0,28950.0,29050.0,29050.0,716433.0
2015-04-07,29200.0,29250.0,29050.0,29150.0,29150.0,698411.0
2015-04-08,29200.0,29250.0,28800.0,28800.0,28800.0,1240218.0
2015-04-09,28950.0,29300.0,28700.0,29050.0,29050.0,1067610.0
2015-04-10,29200.0,29200.0,28800.0,28950.0,28950.0,1207581.0
2015-04-13,28900.0,29000.0,28800.0,28900.0,28900.0,1230616.0
2015-04-14,28950.0,30050.0,28900.0,30000.0,30000.0,2607530.0
2015-04-15,29850.0,29900.0,29550.0,29650.0,29650.0,1208433.0
2015-04-16,29800.0,30150.0,29700.0,30000.0,30000.0,1102501.0
2015-04-17,30000.0,30100.0,29600.0,29750.0,29750.0,1073207.0
2015-04-20,29600.0,29800.0,29350.0,29450.0,29450.0,1019377.0
2015-04-21,29600.0,29650.0,29350.0,29350.0,29350.0,646149.0
2015-04-22,29400.0,29600.0,29300.0,29350.0,29350.0,1036499.0
2015-04-23,29400.0,29850.0,29250.0,29650.0,29650.0,1080897.0
2015-04-24,29900.0,30550.0,29850.0,30500.0,30500.0,2637366.0
2015-04-27,30700.0,30700.0,30050.0,30300.0,30300.0,1148973.0
2015-04-28,30300.0,30750.0,30300.0,30550.0,30550.0,969744.0
2015-04-29,30750.0,31250.0,30650.0,30900.0,30900.0,1796673.0
2015-04-30,30700.0,31850.0,30400.0,31850.0,31850.0,4155161.0
2015-05-04,31950.0,32900.0,31900.0,32250.0,32250.0,2572618.0
2015-05-06,32250.0,32400.0,31500.0,31850.0,31850.0,2027404.0
2015-05-07,31700.0,31750.0,30450.0,31100.0,31100.0,2487411.0
2015-05-08,30850.0,31300.0,30650.0,30750.0,30750.0,819908.0
2015-05-11,30800.0,30850.0,30200.0,30250.0,30250.0,1473991.0
2015-05-12,30400.0,31100.0,30300.0,30650.0,30650.0,904544.0
2015-05-13,30750.0,30900.0,30500.0,30750.0,30750.0,592554.0
2015-05-14,30850.0,30850.0,30300.0,30500.0,30500.0,693925.0
2015-05-15,30400.0,30700.0,30300.0,30300.0,30300.0,715893.0
2015-05-18,30300.0,30500.0,30100.0,30450.0,30450.0,615522.0
2015-05-19,30400.0,30450.0,30050.0,30100.0,30100.0,854427.0
2015-05-20,30000.0,30050.0,29500.0,29650.0,29650.0,1502714.0
2015-05-21,29700.0,30100.0,29700.0,29700.0,29700.0,867194.0
2015-05-22,29850.0,30050.0,29650.0,29900.0,29900.0,767707.0
2015-05-26,30000.0,30150.0,29850.0,29950.0,29950.0,675208.0
2015-05-27,29900.0,29950.0,29550.0,29800.0,29800.0,931953.0
2015-05-28,29950.0,30000.0,29550.0,29700.0,29700.0,1067477.0
2015-05-29,29550.0,29600.0,28950.0,28950.0,28950.0,2366619.0
2015-06-01,29050.0,29100.0,28600.0,28900.0,28900.0,1193607.0
2015-06-02,28950.0,29700.0,28900.0,29450.0,29450.0,1390411.0
2015-06-03,29500.0,29800.0,29300.0,29400.0,29400.0,691963.0
2015-06-04,29400.0,29500.0,29100.0,29350.0,29350.0,798903.0
2015-06-05,29350.0,29750.0,29250.0,29500.0,29500.0,812540.0
2015-06-08,29350.0,29350.0,29000.0,29300.0,29300.0,576164.0
2015-06-09,29250.0,29800.0,29100.0,29500.0,29500.0,738001.0
2015-06-10,29750.0,29750.0,29200.0,29400.0,29400.0,689653.0
2015-06-11,29400.0,29450.0,29100.0,29150.0,29150.0,894649.0
2015-06-12,29350.0,29350.0,29150.0,29200.0,29200.0,508289.0
2015-06-15,29200.0,29450.0,29150.0,29250.0,29250.0,447517.0
2015-06-16,29250.0,29400.0,28950.0,28950.0,28950.0,881468.0
2015-06-17,29100.0,29150.0,28950.0,28950.0,28950.0,510983.0
2015-06-18,28750.0,29150.0,28750.0,29100.0,29100.0,671188.0
2015-06-19,29050.0,29200.0,28500.0,28500.0,28500.0,1418730.0
2015-06-22,28550.0,28750.0,28500.0,28500.0,28500.0,562957.0
2015-06-23,28750.0,29100.0,28600.0,28900.0,28900.0,592759.0
2015-06-24,29100.0,29300.0,28800.0,28850.0,28850.0,490983.0
2015-06-25,28850.0,29200.0,28800.0,29000.0,29000.0,511485.0
2015-06-26,28950.0,29000.0,28550.0,28700.0,28700.0,661604.0
2015-06-29,28550.0,28650.0,28300.0,28400.0,28400.0,743101.0
2015-06-30,28500.0,28600.0,28300.0,28450.0,28450.0,692787.0
2015-07-01,28600.0,28600.0,28400.0,28400.0,28400.0,552662.0
2015-07-02,28500.0,29000.0,28500.0,28650.0,28650.0,711856.0
2015-07-03,28800.0,28900.0,28600.0,28700.0,28700.0,447687.0
2015-07-06,28700.0,29200.0,28650.0,28750.0,28750.0,1142031.0
2015-07-07,28950.0,29400.0,28750.0,29300.0,29300.0,1449045.0
2015-07-08,29400.0,29600.0,28900.0,28900.0,28900.0,896189.0
2015-07-09,28850.0,29300.0,28600.0,29100.0,29100.0,910363.0
2015-07-10,29150.0,29450.0,28850.0,29300.0,29300.0,549563.0
2015-07-13,29200.0,29450.0,29050.0,29350.0,29350.0,531046.0
2015-07-14,29350.0,29550.0,29100.0,29150.0,29150.0,622709.0
2015-07-15,29250.0,29500.0,29150.0,29400.0,29400.0,516222.0
2015-07-16,29350.0,29550.0,29250.0,29250.0,29250.0,394277.0
2015-07-17,29350.0,29550.0,29150.0,29550.0,29550.0,591578.0
2015-07-20,29600.0,29600.0,29300.0,29500.0,29500.0,463959.0
2015-07-21,29500.0,29550.0,29200.0,29400.0,29400.0,454744.0
2015-07-22,29400.0,29600.0,29250.0,29250.0,29250.0,525394.0
2015-07-23,29250.0,29300.0,29100.0,29200.0,29200.0,289517.0
2015-07-24,29250.0,29300.0,28950.0,29100.0,29100.0,480632.0
2015-07-27,29000.0,29000.0,28750.0,28900.0,28900.0,612611.0
2015-07-28,28900.0,29600.0,28850.0,29500.0,29500.0,976279.0
2015-07-29,29400.0,30350.0,29400.0,30100.0,30100.0,1849139.0
2015-07-30,30050.0,30450.0,29900.0,30200.0,30200.0,1274316.0
2015-07-31,30450.0,30850.0,30150.0,30600.0,30600.0,2264110.0
2015-08-03,31050.0,31500.0,30900.0,31000.0,31000.0,2197177.0
2015-08-04,31000.0,31200.0,30550.0,30700.0,30700.0,1297022.0
2015-08-05,30700.0,31000.0,30550.0,30700.0,30700.0,932756.0
2015-08-06,30850.0,31000.0,30100.0,30250.0,30250.0,1166089.0
2015-08-07,30250.0,30300.0,29750.0,29850.0,29850.0,1080402.0
2015-08-10,29850.0,30000.0,29650.0,29900.0,29900.0,711985.0
2015-08-11,30050.0,30050.0,29600.0,29750.0,29750.0,635215.0
2015-08-12,29850.0,30450.0,29800.0,30150.0,30150.0,1272581.0
2015-08-13,30150.0,30250.0,29550.0,29600.0,29600.0,1171972.0
2015-08-14,29600.0,29600.0,29600.0,29600.0,29600.0,0.0
2015-08-17,29750.0,29950.0,29550.0,29800.0,29800.0,520049.0
2015-08-18,29850.0,29850.0,29500.0,29600.0,29600.0,609353.0
2015-08-19,29700.0,30650.0,29650.0,30350.0,30350.0,2120566.0
2015-08-20,30500.0,30500.0,29550.0,29950.0,29950.0,1120941.0
2015-08-21,29300.0,29650.0,29200.0,29400.0,29400.0,1246660.0
2015-08-24,29250.0,29350.0,28300.0,28650.0,28650.0,1694123.0
2015-08-25,28500.0,28800.0,28200.0,28500.0,28500.0,1439401.0
2015-08-26,28500.0,28950.0,28300.0,28950.0,28950.0,1094979.0
2015-08-27,28950.0,29350.0,28650.0,29100.0,29100.0,1231489.0
2015-08-28,29150.0,29300.0,28950.0,29100.0,29100.0,944576.0
2015-08-31,29050.0,29200.0,28850.0,28850.0,28850.0,1122312.0
2015-09-01,28850.0,29000.0,28350.0,28550.0,28550.0,1380173.0
2015-09-02,28400.0,28900.0,28350.0,28750.0,28750.0,796631.0
2015-09-03,28750.0,29050.0,28550.0,29000.0,29000.0,731645.0
2015-09-04,29000.0,29150.0,28700.0,28900.0,28900.0,562402.0
2015-09-07,28950.0,29000.0,28550.0,28600.0,28600.0,471354.0
2015-09-08,28600.0,29100.0,28550.0,29050.0,29050.0,470205.0
2015-09-09,28950.0,29100.0,28700.0,29050.0,29050.0,1225282.0
2015-09-10,29050.0,29200.0,28850.0,29200.0,29200.0,811078.0
2015-09-11,29100.0,29800.0,29100.0,29450.0,29450.0,940151.0
2015-09-14,29400.0,29500.0,29050.0,29300.0,29300.0,416686.0
2015-09-15,29300.0,29650.0,29250.0,29500.0,29500.0,484722.0
2015-09-16,29500.0,29750.0,29450.0,29700.0,29700.0,750937.0
2015-09-17,29800.0,29900.0,29600.0,29850.0,29850.0,999298.0
2015-09-18,29850.0,29950.0,29300.0,29400.0,29400.0,1232139.0
2015-09-21,29400.0,29400.0,29150.0,29200.0,29200.0,647331.0
2015-09-22,29150.0,29800.0,29150.0,29700.0,29700.0,799998.0
2015-09-23,29500.0,29900.0,29450.0,29850.0,29850.0,1092293.0
2015-09-24,30200.0,30400.0,29550.0,29800.0,29800.0,1374991.0
2015-09-25,29750.0,30100.0,29550.0,30000.0,30000.0,886392.0
2015-09-30,30050.0,30950.0,29950.0,30700.0,30700.0,2126625.0
2015-10-01,30700.0,30750.0,30400.0,30450.0,30450.0,921398.0
2015-10-02,30600.0,30700.0,29650.0,29900.0,29900.0,1402552.0
2015-10-05,30050.0,30150.0,29800.0,30150.0,30150.0,709610.0
2015-10-06,30350.0,30650.0,30350.0,30500.0,30500.0,929190.0
2015-10-07,30350.0,30400.0,30100.0,30250.0,30250.0,821479.0
2015-10-08,30300.0,30500.0,30150.0,30500.0,30500.0,580964.0
2015-10-12,30650.0,30800.0,30450.0,30700.0,30700.0,1054815.0
2015-10-13,30650.0,30950.0,30600.0,30650.0,30650.0,1577163.0
2015-10-14,30600.0,30600.0,30350.0,30400.0,30400.0,559197.0
2015-10-15,30400.0,30450.0,30150.0,30300.0,30300.0,462267.0
2015-10-16,30300.0,30500.0,30200.0,30400.0,30400.0,474451.0
2015-10-19,30350.0,30450.0,30250.0,30450.0,30450.0,360027.0
2015-10-20,30300.0,30500.0,30300.0,30500.0,30500.0,309649.0
2015-10-21,30550.0,30850.0,30450.0,30700.0,30700.0,619900.0
2015-10-22,30700.0,30850.0,30400.0,30400.0,30400.0,470735.0
2015-10-23,30650.0,30850.0,30550.0,30600.0,30600.0,525196.0
2015-10-26,30650.0,31000.0,30650.0,30700.0,30700.0,623917.0
2015-10-27,30750.0,30850.0,30450.0,30600.0,30600.0,640710.0
2015-10-28,30600.0,30600.0,30250.0,30400.0,30400.0,1847238.0
2015-10-29,30250.0,30500.0,29850.0,30000.0,30000.0,1652142.0
2015-10-30,30050.0,30400.0,29450.0,29550.0,29550.0,1472557.0
2015-11-02,29700.0,29750.0,29050.0,29050.0,29050.0,1339689.0
2015-11-03,29100.0,29350.0,29050.0,29250.0,29250.0,798580.0
2015-11-04,29200.0,29550.0,29100.0,29350.0,29350.0,707301.0
2015-11-05,29400.0,29650.0,29350.0,29550.0,29550.0,638236.0
2015-11-06,29500.0,29550.0,29100.0,29400.0,29400.0,633516.0
2015-11-09,29200.0,29350.0,28800.0,28900.0,28900.0,925927.0
2015-11-10,28900.0,29100.0,28750.0,28850.0,28850.0,657596.0
2015-11-11,28850.0,29050.0,28750.0,29000.0,29000.0,673357.0
2015-11-12,28950.0,28950.0,28750.0,28750.0,28750.0,397966.0
2015-11-13,28900.0,29200.0,28800.0,28900.0,28900.0,717837.0
2015-11-16,28700.0,28950.0,28650.0,28800.0,28800.0,708762.0
2015-11-17,29000.0,29100.0,28800.0,28900.0,28900.0,367290.0
2015-11-18,29100.0,29100.0,28900.0,29000.0,29000.0,367822.0
2015-11-19,29200.0,29600.0,29150.0,29600.0,29600.0,943603.0
2015-11-20,29550.0,29700.0,29400.0,29650.0,29650.0,619742.0
2015-11-23,29600.0,29950.0,29450.0,29550.0,29550.0,698265.0
2015-11-24,29550.0,29850.0,29400.0,29800.0,29800.0,573500.0
2015-11-25,29800.0,29800.0,29450.0,29550.0,29550.0,456944.0
2015-11-26,29550.0,29650.0,29350.0,29650.0,29650.0,607957.0
2015-11-27,29500.0,29850.0,29500.0,29800.0,29800.0,661944.0
2015-11-30,30950.0,31350.0,29950.0,29950.0,29950.0,4679401.0
2015-12-01,30350.0,30450.0,29850.0,30100.0,30100.0,1285432.0
2015-12-02,30150.0,30200.0,29550.0,29700.0,29700.0,799178.0
2015-12-03,29450.0,29700.0,29300.0,29550.0,29550.0,707382.0
2015-12-04,29500.0,29550.0,29350.0,29550.0,29550.0,435842.0
2015-12-07,29650.0,29650.0,29350.0,29350.0,29350.0,327291.0
2015-12-08,29500.0,29500.0,29200.0,29200.0,29200.0,418663.0
2015-12-09,29200.0,29250.0,29050.0,29200.0,29200.0,393217.0
2015-12-10,29150.0,29250.0,28750.0,28750.0,28750.0,1034917.0
2015-12-11,28800.0,29300.0,28800.0,28950.0,28950.0,715947.0
2015-12-14,28750.0,29050.0,28700.0,29050.0,29050.0,466956.0
2015-12-15,29050.0,29100.0,28800.0,29050.0,29050.0,476018.0
2015-12-16,29150.0,29350.0,29050.0,29350.0,29350.0,445475.0
2015-12-17,29300.0,29400.0,28900.0,29050.0,29050.0,493925.0
2015-12-18,29050.0,29100.0,28750.0,28850.0,28850.0,637310.0
2015-12-21,28800.0,29100.0,28800.0,28850.0,28850.0,405043.0
2015-12-22,28850.0,29000.0,28750.0,28850.0,28850.0,652762.0
2015-12-23,29050.0,29100.0,28900.0,28950.0,28950.0,501816.0
2015-12-24,29100.0,29100.0,28850.0,28900.0,28900.0,670040.0
2015-12-28,28950.0,29000.0,28650.0,28650.0,28650.0,1004629.0
2015-12-29,28500.0,28600.0,28300.0,28350.0,28350.0,876456.0
2015-12-30,28400.0,28450.0,28200.0,28250.0,28250.0,708755.0
2016-01-04,28050.0,28250.0,27900.0,28000.0,28000.0,782252.0
2016-01-05,27900.0,28350.0,27850.0,28200.0,28200.0,544914.0
2016-01-06,28400.0,28500.0,27950.0,28100.0,28100.0,692434.0
2016-01-07,28100.0,28100.0,27600.0,27750.0,27750.0,743159.0
2016-01-08,27500.0,27800.0,27450.0,27750.0,27750.0,702618.0
2016-01-11,27600.0,27750.0,27450.0,27600.0,27600.0,419012.0
2016-01-12,27700.0,27800.0,27500.0,27500.0,27500.0,301460.0
2016-01-13,27550.0,27750.0,27550.0,27650.0,27650.0,616692.0
2016-01-14,27450.0,27600.0,27350.0,27350.0,27350.0,609172.0
2016-01-15,27500.0,27650.0,27000.0,27150.0,27150.0,716424.0
2016-01-18,27050.0,27300.0,27000.0,27300.0,27300.0,543564.0
2016-01-19,27250.0,27400.0,27000.0,27000.0,27000.0,577594.0
2016-01-20,26850.0,27100.0,26050.0,26350.0,26350.0,1145486.0
2016-01-21,26200.0,26550.0,26200.0,26500.0,26500.0,471697.0
2016-01-22,26600.0,26700.0,26350.0,26450.0,26450.0,486044.0
2016-01-25,26600.0,26950.0,26550.0,26800.0,26800.0,364963.0
2016-01-26,26800.0,27100.0,26750.0,26800.0,26800.0,428758.0
2016-01-27,27050.0,27200.0,26700.0,27000.0,27000.0,818356.0
2016-01-28,26650.0,27050.0,26650.0,26900.0,26900.0,627658.0
2016-01-29,27150.0,27550.0,27050.0,27250.0,27250.0,1452003.0
2016-02-01,28050.0,28500.0,27750.0,27750.0,27750.0,1511284.0
2016-02-02,27750.0,28450.0,27700.0,28200.0,28200.0,1459401.0
2016-02-03,28150.0,28400.0,27800.0,28200.0,28200.0,796809.0
2016-02-04,28200.0,28350.0,27950.0,28200.0,28200.0,525623.0
2016-02-05,28200.0,28300.0,27900.0,28250.0,28250.0,335478.0
2016-02-11,27750.0,28150.0,27600.0,28150.0,28150.0,526680.0
2016-02-12,27850.0,28100.0,27500.0,27850.0,27850.0,779183.0
2016-02-15,27900.0,28200.0,27800.0,28150.0,28150.0,398996.0
2016-02-16,28200.0,28450.0,28150.0,28400.0,28400.0,560312.0
2016-02-17,28450.0,28650.0,28350.0,28500.0,28500.0,1214487.0
2016-02-18,28650.0,28700.0,28500.0,28550.0,28550.0,455604.0
2016-02-19,28550.0,28800.0,28450.0,28600.0,28600.0,337569.0
2016-02-22,28650.0,28750.0,28550.0,28700.0,28700.0,406092.0
2016-02-23,28700.0,29000.0,28600.0,28850.0,28850.0,535301.0
2016-02-24,28800.0,28950.0,28700.0,28750.0,28750.0,279106.0
2016-02-25,28750.0,28900.0,28650.0,28750.0,28750.0,239187.0
2016-02-26,28800.0,29200.0,28650.0,29050.0,29050.0,815220.0
2016-02-29,29000.0,29300.0,28750.0,28900.0,28900.0,572064.0
2016-03-02,29100.0,29150.0,28850.0,28900.0,28900.0,590612.0
2016-03-03,28950.0,29000.0,28550.0,28700.0,28700.0,535157.0
2016-03-04,28700.0,28750.0,28550.0,28600.0,28600.0,519953.0
2016-03-07,28600.0,28800.0,28250.0,28500.0,28500.0,985138.0
2016-03-08,28400.0,28700.0,28400.0,28500.0,28500.0,545912.0
2016-03-09,28500.0,28950.0,28500.0,28750.0,28750.0,361004.0
2016-03-10,28800.0,28850.0,28500.0,28500.0,28500.0,1268969.0
2016-03-11,28650.0,29100.0,28600.0,28850.0,28850.0,605631.0
2016-03-14,29000.0,29050.0,28900.0,29000.0,29000.0,448837.0
2016-03-15,28950.0,29050.0,28700.0,28800.0,28800.0,225963.0
2016-03-16,28850.0,28950.0,28800.0,28850.0,28850.0,279032.0
2016-03-17,28850.0,28950.0,28750.0,28950.0,28950.0,345620.0
2016-03-18,28900.0,29000.0,28700.0,28750.0,28750.0,446356.0
2016-03-21,28850.0,29000.0,28700.0,28800.0,28800.0,448194.0
2016-03-22,28950.0,29000.0,28700.0,28700.0,28700.0,564324.0
2016-03-23,28900.0,29250.0,28850.0,29100.0,29100.0,734983.0
2016-03-24,29200.0,29500.0,29200.0,29200.0,29200.0,498495.0
2016-03-25,29400.0,29500.0,29350.0,29450.0,29450.0,682777.0
2016-03-28,29500.0,29650.0,29350.0,29450.0,29450.0,402792.0
2016-03-29,29450.0,29600.0,29350.0,29600.0,29600.0,584363.0
2016-03-30,29700.0,29900.0,29450.0,29750.0,29750.0,583495.0
2016-03-31,29850.0,30000.0,29800.0,29800.0,29800.0,700632.0
2016-04-01,29900.0,29950.0,29650.0,29650.0,29650.0,492168.0
2016-04-04,29650.0,29800.0,29250.0,29700.0,29700.0,649116.0
2016-04-05,29750.0,30150.0,29600.0,30000.0,30000.0,644102.0
2016-04-06,29950.0,30250.0,29900.0,30100.0,30100.0,588429.0
2016-04-07,30150.0,30400.0,29950.0,30200.0,30200.0,525597.0
2016-04-08,30100.0,30700.0,30050.0,30450.0,30450.0,756365.0
2016-04-11,30450.0,30800.0,30450.0,30600.0,30600.0,501818.0
2016-04-12,30600.0,30800.0,30450.0,30500.0,30500.0,452161.0
2016-04-14,30400.0,30950.0,30350.0,30950.0,30950.0,736770.0
2016-04-15,30750.0,31000.0,30750.0,30800.0,30800.0,595795.0
2016-04-18,30700.0,30850.0,30450.0,30650.0,30650.0,353964.0
2016-04-19,30500.0,30600.0,30350.0,30450.0,30450.0,453039.0
2016-04-20,30400.0,30650.0,30400.0,30500.0,30500.0,529342.0
2016-04-21,30550.0,30700.0,30300.0,30500.0,30500.0,560648.0
2016-04-22,30350.0,30500.0,30150.0,30300.0,30300.0,435178.0
2016-04-25,30150.0,30450.0,30100.0,30200.0,30200.0,397460.0
2016-04-26,30200.0,30350.0,30050.0,30200.0,30200.0,532562.0
2016-04-27,30250.0,30900.0,30200.0,30650.0,30650.0,728615.0
2016-04-28,30750.0,30900.0,30700.0,30700.0,30700.0,570971.0
2016-04-29,30850.0,30900.0,30550.0,30550.0,30550.0,519775.0
2016-05-02,30650.0,30900.0,30600.0,30800.0,30800.0,660173.0
2016-05-03,31000.0,31850.0,30900.0,31650.0,31650.0,1341134.0
2016-05-04,31550.0,32000.0,31550.0,31650.0,31650.0,1176328.0
2016-05-09,31550.0,32150.0,31450.0,31850.0,31850.0,946482.0
2016-05-10,31800.0,32100.0,31800.0,31850.0,31850.0,561686.0
2016-05-11,32050.0,32050.0,31550.0,31700.0,31700.0,411182.0
2016-05-12,31600.0,31950.0,31350.0,31350.0,31350.0,885305.0
2016-05-13,31450.0,31700.0,31350.0,31350.0,31350.0,540835.0
2016-05-16,31400.0,31950.0,31400.0,31800.0,31800.0,493991.0
2016-05-17,31800.0,32000.0,31700.0,31900.0,31900.0,403428.0
2016-05-18,31850.0,31900.0,31550.0,31900.0,31900.0,402633.0
2016-05-19,31700.0,31950.0,31300.0,31450.0,31450.0,500164.0
2016-05-20,31300.0,31600.0,31250.0,31550.0,31550.0,344293.0
2016-05-23,31550.0,32300.0,31550.0,32100.0,32100.0,724256.0
2016-05-24,32050.0,32450.0,32000.0,32100.0,32100.0,701635.0
2016-05-25,32150.0,32450.0,31900.0,32100.0,32100.0,427969.0
2016-05-26,32000.0,32250.0,31750.0,31950.0,31950.0,460606.0
2016-05-27,31850.0,32400.0,31600.0,32100.0,32100.0,772558.0
2016-05-30,31850.0,32550.0,31850.0,32550.0,32550.0,617268.0
2016-05-31,32400.0,32800.0,32100.0,32100.0,32100.0,701691.0
2016-06-01,32300.0,32400.0,31600.0,31950.0,31950.0,742107.0
2016-06-02,31650.0,31950.0,30700.0,31100.0,31100.0,1231707.0
2016-06-03,31100.0,31500.0,31100.0,31300.0,31300.0,499737.0
2016-06-07,31300.0,31450.0,30800.0,30900.0,30900.0,543258.0
2016-06-08,30750.0,30900.0,30550.0,30900.0,30900.0,839594.0
2016-06-09,30750.0,31400.0,30650.0,31100.0,31100.0,1162838.0
2016-06-10,30800.0,31000.0,29900.0,30300.0,30300.0,1868648.0
2016-06-13,30000.0,30400.0,29600.0,29950.0,29950.0,1523989.0
2016-06-14,30200.0,30550.0,29900.0,30250.0,30250.0,846266.0
2016-06-15,30300.0,30600.0,30100.0,30150.0,30150.0,424107.0
2016-06-16,30150.0,30250.0,29500.0,29750.0,29750.0,753125.0
2016-06-17,29750.0,30050.0,29650.0,29650.0,29650.0,558971.0
2016-06-20,29900.0,29900.0,29600.0,29900.0,29900.0,442065.0
2016-06-21,29850.0,30000.0,29650.0,29850.0,29850.0,349969.0
2016-06-22,29800.0,29900.0,29700.0,29800.0,29800.0,315146.0
2016-06-23,29800.0,29900.0,29650.0,29800.0,29800.0,255158.0
2016-06-24,29800.0,29950.0,28900.0,29150.0,29150.0,943218.0
2016-06-27,28900.0,29500.0,28800.0,29450.0,29450.0,608516.0
2016-06-28,29250.0,30100.0,29250.0,29850.0,29850.0,742089.0
2016-06-29,29800.0,30500.0,29750.0,30400.0,30400.0,474708.0
2016-06-30,30350.0,30450.0,29650.0,29650.0,29650.0,700025.0
2016-07-01,29700.0,30300.0,29650.0,29850.0,29850.0,420474.0
2016-07-04,29950.0,30200.0,29900.0,30050.0,30050.0,171124.0
2016-07-05,30100.0,30600.0,29950.0,30200.0,30200.0,390358.0
2016-07-06,30350.0,30550.0,30100.0,30200.0,30200.0,268097.0
2016-07-07,30400.0,30550.0,30250.0,30400.0,30400.0,222355.0
2016-07-08,30300.0,30700.0,30200.0,30650.0,30650.0,2022886.0
2016-07-11,30850.0,30950.0,30600.0,30850.0,30850.0,1014801.0
2016-07-12,30800.0,31000.0,30600.0,30700.0,30700.0,348267.0
2016-07-13,30700.0,30900.0,30400.0,30700.0,30700.0,394483.0
2016-07-14,30700.0,30750.0,30250.0,30250.0,30250.0,478611.0
2016-07-15,30350.0,30700.0,30300.0,30400.0,30400.0,287346.0
2016-07-18,30300.0,30550.0,30200.0,30300.0,30300.0,332063.0
2016-07-19,30400.0,30400.0,30000.0,30000.0,30000.0,301780.0
2016-07-20,30000.0,30650.0,29800.0,30450.0,30450.0,428933.0
2016-07-21,30350.0,30800.0,30300.0,30750.0,30750.0,507723.0
2016-07-22,30700.0,30900.0,30550.0,30850.0,30850.0,371640.0
2016-07-25,30950.0,31700.0,30850.0,31400.0,31400.0,792885.0
2016-07-26,31400.0,31800.0,31300.0,31750.0,31750.0,424084.0
2016-07-27,31800.0,31950.0,31600.0,31750.0,31750.0,324767.0
2016-07-28,31750.0,31800.0,31500.0,31500.0,31500.0,399140.0
2016-07-29,31700.0,32100.0,31550.0,31750.0,31750.0,1098071.0
2016-08-01,32200.0,32650.0,32000.0,32600.0,32600.0,855499.0
2016-08-02,32450.0,32800.0,32200.0,32600.0,32600.0,655392.0
2016-08-03,32350.0,32950.0,31950.0,32750.0,32750.0,883260.0
2016-08-04,32650.0,32850.0,32400.0,32700.0,32700.0,508990.0
2016-08-05,32550.0,32800.0,32300.0,32300.0,32300.0,309475.0
2016-08-08,32300.0,32500.0,32100.0,32150.0,32150.0,255448.0
2016-08-09,32100.0,32250.0,31850.0,32000.0,32000.0,312333.0
2016-08-10,31900.0,32150.0,31850.0,31850.0,31850.0,277015.0
2016-08-11,31950.0,32650.0,31900.0,32350.0,32350.0,641805.0
2016-08-12,32450.0,32750.0,32400.0,32450.0,32450.0,288873.0
2016-08-16,32700.0,32700.0,32400.0,32550.0,32550.0,309775.0
2016-08-17,32450.0,32800.0,32400.0,32650.0,32650.0,372811.0
2016-08-18,32700.0,32800.0,32400.0,32600.0,32600.0,347725.0
2016-08-19,32400.0,32600.0,32050.0,32100.0,32100.0,361710.0
2016-08-22,32000.0,32100.0,31200.0,31300.0,31300.0,623582.0
2016-08-23,31300.0,31750.0,31300.0,31450.0,31450.0,447137.0
2016-08-24,31400.0,31600.0,31200.0,31400.0,31400.0,915584.0
2016-08-25,31500.0,32300.0,31200.0,31950.0,31950.0,421124.0
2016-08-26,31600.0,32300.0,31600.0,32300.0,32300.0,316218.0
2016-08-29,32050.0,32300.0,31900.0,31950.0,31950.0,286657.0
2016-08-30,32000.0,32200.0,31700.0,31950.0,31950.0,369026.0
2016-08-31,31850.0,32000.0,31500.0,31600.0,31600.0,386612.0
2016-09-01,31550.0,32000.0,31400.0,31850.0,31850.0,390995.0
2016-09-02,31850.0,32100.0,31450.0,31650.0,31650.0,434848.0
2016-09-05,31950.0,32500.0,31850.0,32400.0,32400.0,442278.0
2016-09-06,32250.0,32450.0,32150.0,32150.0,32150.0,275000.0
2016-09-07,32150.0,32350.0,32100.0,32300.0,32300.0,215809.0
2016-09-08,32200.0,32450.0,31850.0,31850.0,31850.0,646723.0
2016-09-09,32000.0,32000.0,31550.0,31900.0,31900.0,353375.0
2016-09-12,31750.0,31850.0,31400.0,31850.0,31850.0,345961.0
2016-09-13,31850.0,31850.0,31350.0,31400.0,31400.0,603960.0
2016-09-19,31100.0,31500.0,30950.0,31250.0,31250.0,443626.0
2016-09-20,31050.0,31150.0,30850.0,30900.0,30900.0,309660.0
2016-09-21,30800.0,31050.0,30600.0,30850.0,30850.0,416320.0
2016-09-22,31050.0,31350.0,31050.0,31150.0,31150.0,318479.0
2016-09-23,31450.0,31600.0,31300.0,31400.0,31400.0,263469.0
2016-09-26,31600.0,31600.0,31100.0,31450.0,31450.0,290569.0
2016-09-27,31400.0,31900.0,31350.0,31800.0,31800.0,356345.0
2016-09-28,31700.0,32000.0,31700.0,31950.0,31950.0,263981.0
2016-09-29,31950.0,32050.0,31650.0,31900.0,31900.0,256108.0
2016-09-30,31800.0,32200.0,31650.0,31900.0,31900.0,413165.0
2016-10-04,31900.0,32250.0,31800.0,32150.0,32150.0,362684.0
2016-10-05,32100.0,32150.0,31750.0,32050.0,32050.0,247741.0
2016-10-06,31800.0,31950.0,31550.0,31800.0,31800.0,376234.0
2016-10-07,31800.0,31800.0,31400.0,31400.0,31400.0,318042.0
2016-10-10,31650.0,31800.0,31050.0,31200.0,31200.0,463696.0
2016-10-11,31600.0,31600.0,31100.0,31550.0,31550.0,397328.0
2016-10-12,31600.0,32000.0,31500.0,31900.0,31900.0,401087.0
2016-10-13,31750.0,31800.0,31300.0,31600.0,31600.0,420448.0
2016-10-14,31550.0,31800.0,31350.0,31550.0,31550.0,274313.0
2016-10-17,31750.0,31750.0,31350.0,31550.0,31550.0,269934.0
2016-10-18,31400.0,31900.0,31350.0,31700.0,31700.0,443859.0
2016-10-19,31600.0,31900.0,31450.0,31850.0,31850.0,300309.0
2016-10-20,31700.0,31900.0,31500.0,31750.0,31750.0,182825.0
2016-10-21,31700.0,32050.0,31550.0,31850.0,31850.0,463234.0
2016-10-24,31900.0,32400.0,31900.0,32200.0,32200.0,457280.0
2016-10-25,32300.0,32500.0,32150.0,32300.0,32300.0,415029.0
2016-10-26,32200.0,32250.0,31650.0,32050.0,32050.0,429503.0
2016-10-27,32000.0,32500.0,31850.0,32250.0,32250.0,293717.0
2016-10-28,32250.0,32400.0,32000.0,32250.0,32250.0,245832.0
2016-10-31,32250.0,32500.0,32100.0,32300.0,32300.0,425069.0
2016-11-01,32400.0,33000.0,32250.0,33000.0,33000.0,854019.0
2016-11-02,32850.0,33100.0,32800.0,32900.0,32900.0,778202.0
2016-11-03,32900.0,33600.0,32800.0,33250.0,33250.0,828012.0
2016-11-04,33300.0,33300.0,32700.0,33000.0,33000.0,364660.0
2016-11-07,33300.0,33300.0,32350.0,32350.0,32350.0,482795.0
2016-11-08,32400.0,32500.0,31600.0,31900.0,31900.0,781000.0
2016-11-09,31900.0,31950.0,31000.0,31650.0,31650.0,859556.0
2016-11-10,31750.0,32250.0,31550.0,32250.0,32250.0,587799.0
2016-11-11,32200.0,32200.0,31500.0,31650.0,31650.0,689844.0
2016-11-14,31650.0,31800.0,31050.0,31400.0,31400.0,669926.0
2016-11-15,31550.0,31550.0,31200.0,31500.0,31500.0,423619.0
2016-11-16,31500.0,31500.0,30950.0,31000.0,31000.0,574067.0
2016-11-17,30900.0,31100.0,30750.0,30850.0,30850.0,606698.0
2016-11-18,30850.0,30900.0,30650.0,30700.0,30700.0,424384.0
2016-11-21,30800.0,30900.0,30500.0,30650.0,30650.0,284192.0
2016-11-22,30650.0,31000.0,30550.0,30800.0,30800.0,1113206.0
2016-11-23,30750.0,31250.0,30700.0,30800.0,30800.0,598739.0
2016-11-24,30700.0,30800.0,30000.0,30100.0,30100.0,771367.0
2016-11-25,30000.0,30100.0,29750.0,30100.0,30100.0,432230.0
2016-11-28,30050.0,30100.0,29800.0,29800.0,29800.0,422086.0
2016-11-29,29700.0,30300.0,29700.0,30200.0,30200.0,359083.0
2016-11-30,30200.0,30250.0,29800.0,29850.0,29850.0,628606.0
2016-12-01,29900.0,30100.0,29750.0,29850.0,29850.0,519211.0
2016-12-02,29800.0,29900.0,29400.0,29550.0,29550.0,517773.0
2016-12-05,29500.0,29550.0,29200.0,29500.0,29500.0,356830.0
2016-12-06,29650.0,29700.0,29450.0,29500.0,29500.0,377930.0
2016-12-07,29650.0,29850.0,29500.0,29600.0,29600.0,257559.0
2016-12-08,29750.0,30250.0,29600.0,30250.0,30250.0,642118.0
2016-12-09,30000.0,30100.0,29800.0,29900.0,29900.0,401580.0
2016-12-12,30050.0,30250.0,29850.0,29850.0,29850.0,388466.0
2016-12-13,30050.0,30100.0,29750.0,29750.0,29750.0,418177.0
2016-12-14,29900.0,30000.0,29750.0,29800.0,29800.0,335021.0
2016-12-15,29800.0,30150.0,29800.0,30050.0,30050.0,308340.0
2016-12-16,30050.0,30100.0,29900.0,29950.0,29950.0,675644.0
2016-12-19,30000.0,30100.0,29900.0,29900.0,29900.0,274318.0
2016-12-20,30000.0,30400.0,29900.0,30350.0,30350.0,420614.0
2016-12-21,30300.0,30400.0,29950.0,30100.0,30100.0,479871.0
2016-12-22,30100.0,30200.0,29950.0,30150.0,30150.0,270600.0
2016-12-23,30050.0,30400.0,30000.0,30250.0,30250.0,346657.0
2016-12-26,30250.0,30350.0,30150.0,30250.0,30250.0,289098.0
2016-12-27,30200.0,30300.0,30150.0,30200.0,30200.0,544322.0
2016-12-28,29800.0,29850.0,29600.0,29600.0,29600.0,453869.0
2016-12-29,29750.0,29750.0,29400.0,29400.0,29400.0,372667.0
2017-01-02,29400.0,29750.0,29400.0,29650.0,29650.0,249327.0
2017-01-03,29600.0,29700.0,29250.0,29300.0,29300.0,530250.0
2017-01-04,29350.0,29450.0,29150.0,29300.0,29300.0,509171.0
2017-01-05,29300.0,29450.0,29150.0,29200.0,29200.0,491539.0
2017-01-06,29200.0,29400.0,29150.0,29150.0,29150.0,466573.0
2017-01-09,29150.0,29300.0,29100.0,29200.0,29200.0,469877.0
2017-01-10,29100.0,29200.0,29000.0,29000.0,29000.0,475804.0
2017-01-11,29050.0,29200.0,29000.0,29000.0,29000.0,530085.0
2017-01-12,29150.0,29350.0,29050.0,29250.0,29250.0,563658.0
2017-01-13,29200.0,29500.0,29200.0,29500.0,29500.0,309658.0
2017-01-16,29500.0,29600.0,29350.0,29450.0,29450.0,408568.0
2017-01-17,29550.0,29650.0,29350.0,29450.0,29450.0,285894.0
2017-01-18,29500.0,29550.0,29250.0,29250.0,29250.0,346459.0
2017-01-19,29200.0,29400.0,29050.0,29050.0,29050.0,292679.0
2017-01-20,29200.0,29350.0,29100.0,29250.0,29250.0,238977.0
2017-01-23,29300.0,29400.0,29050.0,29050.0,29050.0,229533.0
2017-01-24,29100.0,29300.0,29100.0,29300.0,29300.0,275433.0
2017-01-25,29350.0,29350.0,28850.0,28900.0,28900.0,480805.0
2017-01-26,29000.0,29150.0,28900.0,28950.0,28950.0,364792.0
2017-01-31,29200.0,29450.0,29200.0,29400.0,29400.0,557378.0
2017-02-01,29700.0,29750.0,29400.0,29450.0,29450.0,439337.0
2017-02-02,29500.0,29700.0,29150.0,29250.0,29250.0,798864.0
2017-02-03,29300.0,29400.0,29050.0,29200.0,29200.0,331607.0
2017-02-06,29450.0,29700.0,29350.0,29600.0,29600.0,414560.0
2017-02-07,29600.0,30250.0,29500.0,30250.0,30250.0,732559.0
2017-02-08,30300.0,30600.0,30100.0,30350.0,30350.0,862841.0
2017-02-09,30500.0,30700.0,30300.0,30600.0,30600.0,873237.0
2017-02-10,30650.0,30650.0,30150.0,30200.0,30200.0,1104977.0
2017-02-13,30400.0,30600.0,30200.0,30600.0,30600.0,623623.0
2017-02-14,30650.0,30750.0,30500.0,30650.0,30650.0,307251.0
2017-02-15,30600.0,30700.0,30250.0,30250.0,30250.0,510723.0
2017-02-16,30350.0,30450.0,29900.0,29950.0,29950.0,386675.0
2017-02-17,30000.0,30200.0,29850.0,30100.0,30100.0,418535.0
2017-02-20,30050.0,30500.0,30000.0,30350.0,30350.0,445728.0
2017-02-21,30350.0,30450.0,30050.0,30250.0,30250.0,501294.0
2017-02-22,30250.0,30550.0,30250.0,30350.0,30350.0,487986.0
2017-02-23,30500.0,30650.0,30300.0,30450.0,30450.0,504675.0
2017-02-24,30500.0,30550.0,30200.0,30450.0,30450.0,361896.0
2017-02-27,30500.0,30550.0,30300.0,30450.0,30450.0,255416.0
2017-02-28,30550.0,30550.0,30350.0,30450.0,30450.0,393106.0
2017-03-02,30600.0,31100.0,30550.0,30750.0,30750.0,895175.0
2017-03-03,30900.0,31100.0,30750.0,31050.0,31050.0,750891.0
2017-03-06,31200.0,31300.0,30700.0,30950.0,30950.0,409355.0
2017-03-07,30900.0,30950.0,30750.0,30750.0,30750.0,331168.0
2017-03-08,30800.0,31900.0,30750.0,31600.0,31600.0,1319942.0
2017-03-09,32000.0,32300.0,31800.0,31800.0,31800.0,1080742.0
2017-03-10,31950.0,32200.0,31700.0,32200.0,32200.0,777114.0
2017-03-13,32100.0,32300.0,31850.0,31850.0,31850.0,496153.0
2017-03-14,31850.0,32100.0,31500.0,31600.0,31600.0,549545.0
2017-03-15,31750.0,32900.0,31600.0,32700.0,32700.0,1358350.0
2017-03-16,32700.0,32900.0,32450.0,32650.0,32650.0,745612.0
2017-03-17,32500.0,32800.0,32050.0,32050.0,32050.0,1159490.0
2017-03-20,32100.0,32650.0,32000.0,32400.0,32400.0,407215.0
2017-03-21,32600.0,32900.0,32500.0,32550.0,32550.0,663521.0
2017-03-22,32550.0,33000.0,32500.0,32800.0,32800.0,610424.0
2017-03-23,32900.0,33550.0,32650.0,33250.0,33250.0,1229911.0
2017-03-24,33350.0,33500.0,33100.0,33250.0,33250.0,606976.0
2017-03-27,33150.0,33400.0,32850.0,33100.0,33100.0,465838.0
2017-03-28,33100.0,33250.0,32100.0,32450.0,32450.0,847580.0
2017-03-29,32550.0,32550.0,31750.0,31900.0,31900.0,900909.0
2017-03-30,32000.0,32250.0,31700.0,32050.0,32050.0,396397.0
2017-03-31,32100.0,32100.0,31750.0,31900.0,31900.0,354394.0
2017-04-03,31950.0,32750.0,31900.0,32700.0,32700.0,611505.0
2017-04-04,32600.0,33100.0,32450.0,32450.0,32450.0,692394.0
2017-04-05,32500.0,32600.0,32200.0,32300.0,32300.0,440333.0
2017-04-06,32200.0,32650.0,32100.0,32600.0,32600.0,285703.0
2017-04-07,32650.0,32950.0,32600.0,32700.0,32700.0,376273.0
2017-04-10,32750.0,32750.0,32050.0,32250.0,32250.0,508089.0
2017-04-11,32200.0,32500.0,31250.0,31600.0,31600.0,1131925.0
2017-04-12,31350.0,31450.0,30950.0,31150.0,31150.0,656027.0
2017-04-13,31200.0,31550.0,31200.0,31400.0,31400.0,635184.0
2017-04-14,31400.0,31500.0,31200.0,31400.0,31400.0,210257.0
2017-04-17,31400.0,31750.0,31400.0,31700.0,31700.0,221960.0
2017-04-18,31850.0,32000.0,31750.0,31750.0,31750.0,370235.0
2017-04-19,31700.0,32000.0,31650.0,32000.0,32000.0,507536.0
2017-04-20,31800.0,31950.0,31500.0,31600.0,31600.0,505617.0
2017-04-21,31650.0,31750.0,31350.0,31450.0,31450.0,480668.0
2017-04-24,31400.0,31850.0,31400.0,31650.0,31650.0,275023.0
2017-04-25,31650.0,31750.0,31450.0,31450.0,31450.0,535834.0
2017-04-26,31600.0,31650.0,31150.0,31200.0,31200.0,638521.0
2017-04-27,31300.0,31500.0,31100.0,31300.0,31300.0,532551.0
2017-04-28,31100.0,32750.0,31100.0,32200.0,32200.0,1497180.0
2017-05-02,32450.0,32750.0,32350.0,32450.0,32450.0,895284.0
2017-05-04,32200.0,32400.0,31900.0,32000.0,32000.0,550324.0
2017-05-08,32000.0,32100.0,31550.0,31950.0,31950.0,719348.0
2017-05-10,31800.0,32400.0,31750.0,32000.0,32000.0,656025.0
2017-05-11,32000.0,32150.0,31000.0,31350.0,31350.0,1517882.0
2017-05-12,31200.0,31450.0,31100.0,31300.0,31300.0,459561.0
2017-05-15,31300.0,31500.0,31000.0,31050.0,31050.0,572793.0
2017-05-16,31150.0,31300.0,31000.0,31050.0,31050.0,584427.0
2017-05-17,31050.0,31200.0,30850.0,31150.0,31150.0,421619.0
2017-05-18,30900.0,31350.0,30800.0,31100.0,31100.0,387607.0
2017-05-19,31350.0,31700.0,31350.0,31700.0,31700.0,641977.0
2017-05-22,31650.0,31750.0,31350.0,31750.0,31750.0,410047.0
2017-05-23,31550.0,31650.0,31400.0,31500.0,31500.0,504900.0
2017-05-24,31500.0,31800.0,31500.0,31800.0,31800.0,500826.0
2017-05-25,31850.0,32500.0,31850.0,32300.0,32300.0,747259.0
2017-05-26,32400.0,32750.0,32250.0,32450.0,32450.0,745502.0
2017-05-29,32550.0,32650.0,32150.0,32250.0,32250.0,397736.0
2017-05-30,32350.0,32600.0,32150.0,32350.0,32350.0,337973.0
2017-05-31,32250.0,32550.0,32200.0,32550.0,32550.0,754402.0
2017-06-01,32450.0,32600.0,32300.0,32300.0,32300.0,317997.0
2017-06-02,32200.0,32650.0,32150.0,32350.0,32350.0,614342.0
2017-06-05,32450.0,32650.0,32250.0,32250.0,32250.0,301458.0
2017-06-07,32000.0,32200.0,31900.0,32000.0,32000.0,839720.0
2017-06-08,31950.0,32000.0,31650.0,31650.0,31650.0,954860.0
2017-06-09,31850.0,32150.0,31700.0,31850.0,31850.0,652302.0
2017-06-12,31700.0,31750.0,31350.0,31700.0,31700.0,536495.0
2017-06-13,31700.0,32200.0,31650.0,32200.0,32200.0,505940.0
2017-06-14,32050.0,32100.0,31650.0,31650.0,31650.0,488364.0
2017-06-15,31600.0,32150.0,31500.0,31650.0,31650.0,406306.0
2017-06-16,31700.0,32150.0,31600.0,31600.0,31600.0,869720.0
2017-06-19,31650.0,31900.0,31600.0,31700.0,31700.0,328118.0
2017-06-20,31800.0,32200.0,31700.0,32050.0,32050.0,514885.0
2017-06-21,32150.0,32600.0,32150.0,32200.0,32200.0,743330.0
2017-06-22,32100.0,32900.0,32050.0,32800.0,32800.0,1133629.0
2017-06-23,32150.0,32500.0,31750.0,32100.0,32100.0,739344.0
2017-06-26,32000.0,32100.0,31750.0,31800.0,31800.0,319690.0
2017-06-27,31800.0,32450.0,31700.0,32150.0,32150.0,499654.0
2017-06-28,32300.0,32900.0,32200.0,32650.0,32650.0,697685.0
2017-06-29,32800.0,32900.0,32300.0,32450.0,32450.0,390453.0
2017-06-30,32350.0,32800.0,32350.0,32600.0,32600.0,441582.0
2017-07-03,32850.0,34050.0,32800.0,34000.0,34000.0,1940688.0
2017-07-04,34250.0,34350.0,33550.0,33750.0,33750.0,871134.0
2017-07-05,33750.0,33950.0,33350.0,33550.0,33550.0,700402.0
2017-07-06,33450.0,33550.0,32850.0,33200.0,33200.0,795769.0
2017-07-07,33050.0,33650.0,32900.0,33300.0,33300.0,519436.0
2017-07-10,33200.0,33300.0,32800.0,33100.0,33100.0,417033.0
2017-07-11,33100.0,33700.0,32900.0,32900.0,32900.0,566550.0
2017-07-12,32750.0,32900.0,32350.0,32450.0,32450.0,632827.0
2017-07-13,32700.0,33050.0,32450.0,32500.0,32500.0,840695.0
2017-07-14,32650.0,33000.0,32550.0,33000.0,33000.0,456886.0
2017-07-17,33150.0,33450.0,32850.0,33050.0,33050.0,431894.0
2017-07-18,33150.0,33350.0,32950.0,33100.0,33100.0,435516.0
2017-07-19,33150.0,33200.0,32650.0,33150.0,33150.0,365541.0
2017-07-20,33400.0,33600.0,33100.0,33250.0,33250.0,526637.0
2017-07-21,33250.0,34100.0,33200.0,34000.0,34000.0,873885.0
2017-07-24,34100.0,34900.0,34100.0,34850.0,34850.0,1094866.0
2017-07-25,34850.0,34950.0,34550.0,34850.0,34850.0,627124.0
2017-07-26,34850.0,34900.0,34300.0,34400.0,34400.0,446055.0
2017-07-27,34650.0,35150.0,34550.0,34800.0,34800.0,611725.0
2017-07-28,35000.0,35200.0,34750.0,34800.0,34800.0,1139432.0
2017-07-31,34800.0,35150.0,34500.0,34800.0,34800.0,621141.0
2017-08-01,34900.0,35550.0,34800.0,35150.0,35150.0,859452.0
2017-08-02,35150.0,35550.0,34900.0,35400.0,35400.0,586920.0
2017-08-03,35400.0,35500.0,34500.0,35000.0,35000.0,794932.0
2017-08-04,34800.0,35000.0,34350.0,34750.0,34750.0,431399.0
2017-08-07,34650.0,34750.0,34250.0,34300.0,34300.0,349400.0
2017-08-08,34200.0,34300.0,33800.0,34150.0,34150.0,625591.0
2017-08-09,33850.0,34300.0,33850.0,33850.0,33850.0,364541.0
2017-08-10,33650.0,33850.0,32950.0,32950.0,32950.0,1056910.0
2017-08-11,32700.0,33050.0,32300.0,33050.0,33050.0,893609.0
2017-08-14,33000.0,33350.0,32800.0,32900.0,32900.0,338852.0
2017-08-16,32950.0,33150.0,32600.0,32650.0,32650.0,408058.0
2017-08-17,32650.0,32950.0,32400.0,32950.0,32950.0,514061.0
2017-08-18,32600.0,32700.0,32400.0,32450.0,32450.0,483167.0
2017-08-21,32400.0,32450.0,32050.0,32100.0,32100.0,405506.0
2017-08-22,32100.0,32700.0,32100.0,32650.0,32650.0,402353.0
2017-08-23,32500.0,32700.0,32150.0,32150.0,32150.0,324169.0
2017-08-24,32150.0,32400.0,31550.0,31800.0,31800.0,682027.0
2017-08-25,32000.0,32700.0,31600.0,32600.0,32600.0,544729.0
2017-08-28,32450.0,32700.0,32350.0,32500.0,32500.0,324389.0
2017-08-29,32350.0,32800.0,32100.0,32150.0,32150.0,421524.0
2017-08-30,32400.0,32400.0,31800.0,31850.0,31850.0,733787.0
2017-08-31,31850.0,32000.0,31150.0,31200.0,31200.0,798318.0
2017-09-01,31250.0,31550.0,30800.0,31150.0,31150.0,627495.0
2017-09-04,31150.0,31150.0,31150.0,31150.0,31150.0,0.0
2017-09-05,30100.0,30400.0,29800.0,30350.0,30350.0,921229.0
2017-09-06,30300.0,30300.0,29950.0,30050.0,30050.0,818958.0
2017-09-07,30000.0,30350.0,29850.0,30250.0,30250.0,777074.0
2017-09-08,30200.0,30200.0,29900.0,29950.0,29950.0,618742.0
2017-09-11,29900.0,30250.0,29650.0,30200.0,30200.0,603292.0
2017-09-12,30200.0,30300.0,30000.0,30000.0,30000.0,430411.0
2017-09-13,30000.0,30350.0,29800.0,30000.0,30000.0,536544.0
2017-09-14,30000.0,30000.0,29000.0,29100.0,29100.0,2347596.0
2017-09-15,29150.0,29500.0,29000.0,29400.0,29400.0,1811450.0
2017-09-18,29500.0,29550.0,29100.0,29200.0,29200.0,850283.0
2017-09-19,29100.0,29200.0,28950.0,29100.0,29100.0,929407.0
2017-09-20,29100.0,29250.0,29000.0,29100.0,29100.0,779754.0
2017-09-21,29050.0,29450.0,29050.0,29150.0,29150.0,847437.0
2017-09-25,29250.0,29350.0,28800.0,28800.0,28800.0,638318.0
2017-09-26,28800.0,28800.0,28800.0,28800.0,28800.0,0.0
2017-09-27,28800.0,29450.0,28700.0,29050.0,29050.0,917155.0
2017-09-28,29200.0,29300.0,29050.0,29250.0,29250.0,432386.0
2017-09-29,29350.0,29400.0,29050.0,29150.0,29150.0,555247.0
2017-10-10,29150.0,29200.0,28900.0,28900.0,28900.0,898817.0
2017-10-11,28900.0,29100.0,28850.0,28950.0,28950.0,445736.0
2017-10-12,29000.0,29400.0,29000.0,29000.0,29000.0,1585615.0
2017-10-13,29100.0,30100.0,29100.0,29950.0,29950.0,966097.0
2017-10-16,30150.0,30850.0,30050.0,30600.0,30600.0,1195745.0
2017-10-17,30550.0,30550.0,30150.0,30250.0,30250.0,476789.0
2017-10-18,30150.0,30250.0,29800.0,29900.0,29900.0,510495.0
2017-10-19,29950.0,30200.0,29800.0,29850.0,29850.0,474609.0
2017-10-20,29800.0,30000.0,29800.0,29950.0,29950.0,546608.0
2017-10-23,29950.0,30000.0,29650.0,29700.0,29700.0,497904.0
2017-10-24,29750.0,29950.0,29650.0,29950.0,29950.0,240615.0
2017-10-25,29800.0,29950.0,29600.0,29600.0,29600.0,586427.0
2017-10-26,29650.0,29800.0,29350.0,29500.0,29500.0,649120.0
2017-10-27,29500.0,29650.0,29450.0,29550.0,29550.0,393144.0
2017-10-30,29600.0,29650.0,29150.0,29250.0,29250.0,642484.0
2017-10-31,29350.0,29350.0,29050.0,29350.0,29350.0,864498.0
2017-11-01,29100.0,29350.0,29100.0,29350.0,29350.0,688392.0
2017-11-02,29350.0,29450.0,29250.0,29400.0,29400.0,596507.0
2017-11-03,29450.0,29650.0,29400.0,29600.0,29600.0,475042.0
2017-11-06,29650.0,29700.0,29350.0,29450.0,29450.0,603796.0
2017-11-07,29450.0,29550.0,29350.0,29400.0,29400.0,482274.0
2017-11-08,29400.0,29500.0,29100.0,29300.0,29300.0,755472.0
2017-11-09,29300.0,29400.0,29100.0,29250.0,29250.0,785487.0
2017-11-10,29250.0,29500.0,29200.0,29300.0,29300.0,466477.0
2017-11-13,29300.0,29350.0,29100.0,29150.0,29150.0,609269.0
2017-11-14,29150.0,29200.0,29050.0,29100.0,29100.0,582848.0
2017-11-15,29100.0,29500.0,29000.0,29400.0,29400.0,544788.0
2017-11-17,29200.0,29400.0,29150.0,29300.0,29300.0,431855.0
2017-11-20,29250.0,29350.0,29150.0,29150.0,29150.0,349802.0
2017-11-21,29200.0,29450.0,29200.0,29400.0,29400.0,434660.0
2017-11-22,29350.0,29950.0,29300.0,29950.0,29950.0,923910.0
2017-11-24,30100.0,30300.0,29950.0,30100.0,30100.0,623626.0
2017-11-27,30350.0,30400.0,29950.0,30000.0,30000.0,467446.0
2017-11-28,30000.0,30100.0,29800.0,29800.0,29800.0,439170.0
2017-11-29,29950.0,30150.0,29900.0,29950.0,29950.0,391842.0
2017-11-30,30200.0,30750.0,30150.0,30450.0,30450.0,1369830.0
2017-12-01,30550.0,30750.0,30250.0,30350.0,30350.0,551467.0
2017-12-04,30500.0,30750.0,30350.0,30650.0,30650.0,619752.0
2017-12-05,30650.0,31250.0,30650.0,31150.0,31150.0,1097993.0
2017-12-06,31150.0,31300.0,30800.0,30900.0,30900.0,698873.0
2017-12-07,31000.0,31300.0,30750.0,31050.0,31050.0,870530.0
2017-12-08,31050.0,31150.0,30100.0,30250.0,30250.0,1207809.0
2017-12-11,30200.0,30750.0,30150.0,30750.0,30750.0,416920.0
2017-12-12,30650.0,30700.0,30250.0,30600.0,30600.0,454737.0
2017-12-13,30550.0,31050.0,30450.0,30900.0,30900.0,583609.0
2017-12-14,31000.0,31100.0,30600.0,30600.0,30600.0,1210431.0
2017-12-15,30800.0,31300.0,30700.0,31300.0,31300.0,885738.0
2017-12-18,31400.0,31500.0,30950.0,31200.0,31200.0,566179.0
2017-12-19,31100.0,31350.0,30700.0,30700.0,30700.0,442921.0
2017-12-21,31200.0,31250.0,30900.0,31100.0,31100.0,437197.0
2017-12-22,31150.0,31200.0,30900.0,31050.0,31050.0,571414.0
2017-12-26,31050.0,31250.0,31050.0,31200.0,31200.0,988630.0
2017-12-27,30600.0,30600.0,30250.0,30450.0,30450.0,693064.0
2017-12-28,30400.0,30450.0,30150.0,30250.0,30250.0,482886.0
2018-01-03,29900.0,30000.0,29750.0,29750.0,29750.0,641681.0
2018-01-04,29750.0,29900.0,29500.0,29500.0,29500.0,812804.0
2018-01-05,29650.0,30050.0,29600.0,29900.0,29900.0,329925.0
2018-01-08,29900.0,30150.0,29700.0,29750.0,29750.0,510458.0
2018-01-09,29800.0,30550.0,29700.0,30400.0,30400.0,1015251.0
2018-01-10,30400.0,30500.0,30200.0,30200.0,30200.0,675430.0
2018-01-11,30350.0,30400.0,30000.0,30000.0,30000.0,622991.0
2018-01-12,30050.0,30100.0,29800.0,29800.0,29800.0,510125.0
2018-01-15,29800.0,29900.0,29550.0,29800.0,29800.0,501742.0
2018-01-16,29800.0,29850.0,29600.0,29650.0,29650.0,642000.0
2018-01-17,29600.0,29950.0,29600.0,29800.0,29800.0,595830.0
2018-01-18,29900.0,30200.0,29900.0,30000.0,30000.0,1161757.0
2018-01-19,30100.0,30350.0,29850.0,30150.0,30150.0,585314.0
2018-01-22,30200.0,30350.0,29900.0,30000.0,30000.0,543262.0
2018-01-23,30000.0,30350.0,29950.0,30050.0,30050.0,487943.0
2018-01-24,30050.0,30200.0,30000.0,30100.0,30100.0,450216.0
2018-01-25,30050.0,30100.0,29850.0,29900.0,29900.0,811983.0
2018-01-26,29850.0,30100.0,29750.0,29950.0,29950.0,743365.0
2018-01-29,30050.0,30250.0,29950.0,29950.0,29950.0,804416.0
2018-01-30,30050.0,30150.0,29900.0,29900.0,29900.0,788517.0
2018-01-31,29900.0,29900.0,29550.0,29650.0,29650.0,1522403.0
2018-02-01,29650.0,29700.0,29400.0,29550.0,29550.0,722043.0
2018-02-02,29550.0,29600.0,29400.0,29450.0,29450.0,515541.0
2018-02-05,29450.0,29800.0,29300.0,29450.0,29450.0,728932.0
2018-02-06,29200.0,29300.0,28750.0,28900.0,28900.0,1965078.0
2018-02-07,29000.0,29100.0,28550.0,28550.0,28550.0,1752627.0
2018-02-08,28550.0,28700.0,28300.0,28300.0,28300.0,1818730.0
2018-02-09,28100.0,28150.0,27800.0,27900.0,27900.0,1971779.0
2018-02-12,28100.0,28100.0,27350.0,27450.0,27450.0,2895978.0
2018-02-13,27500.0,27800.0,27450.0,27500.0,27500.0,893517.0
2018-02-14,27650.0,28100.0,27600.0,27650.0,27650.0,660680.0
2018-02-19,28050.0,28400.0,27900.0,28400.0,28400.0,567132.0
2018-02-20,28400.0,28450.0,28050.0,28050.0,28050.0,349949.0
2018-02-21,28100.0,28400.0,28000.0,28150.0,28150.0,410060.0
2018-02-22,28200.0,28300.0,27900.0,28300.0,28300.0,582791.0
2018-02-23,28350.0,28400.0,28100.0,28200.0,28200.0,427320.0
2018-02-26,28300.0,28350.0,28000.0,28250.0,28250.0,548076.0
2018-02-27,28200.0,28300.0,28050.0,28150.0,28150.0,374030.0
2018-02-28,28100.0,28100.0,27850.0,27900.0,27900.0,700989.0
2018-03-02,27800.0,27850.0,27550.0,27700.0,27700.0,528538.0
2018-03-05,27700.0,27950.0,27600.0,27700.0,27700.0,408231.0
2018-03-06,27800.0,27900.0,27550.0,27650.0,27650.0,705543.0
2018-03-07,27600.0,27750.0,27400.0,27450.0,27450.0,694099.0
2018-03-08,27450.0,27700.0,27350.0,27700.0,27700.0,939615.0
2018-03-09,27650.0,27950.0,27550.0,27700.0,27700.0,601599.0
2018-03-12,27850.0,27950.0,27650.0,27700.0,27700.0,610631.0
2018-03-13,27650.0,27650.0,27450.0,27450.0,27450.0,660632.0
2018-03-14,27400.0,27800.0,27400.0,27750.0,27750.0,566995.0
2018-03-15,27650.0,27900.0,27550.0,27750.0,27750.0,432604.0
2018-03-16,27750.0,27900.0,27600.0,27850.0,27850.0,413403.0
2018-03-19,27850.0,27950.0,27650.0,27800.0,27800.0,382359.0
2018-03-20,27700.0,27800.0,27500.0,27550.0,27550.0,471525.0
2018-03-21,27500.0,27650.0,27400.0,27500.0,27500.0,657964.0
2018-03-22,27450.0,27600.0,27350.0,27350.0,27350.0,439803.0
2018-03-23,27300.0,27350.0,27000.0,27050.0,27050.0,719814.0
2018-03-26,27050.0,27100.0,26850.0,26950.0,26950.0,438046.0
2018-03-27,27050.0,27500.0,27000.0,27250.0,27250.0,393592.0
2018-03-28,27250.0,27450.0,27000.0,27150.0,27150.0,494225.0
2018-03-29,27150.0,27350.0,27000.0,27350.0,27350.0,394380.0
2018-03-30,27450.0,27550.0,27350.0,27550.0,27550.0,250048.0
2018-04-02,27550.0,27700.0,27250.0,27400.0,27400.0,340323.0
2018-04-03,27250.0,27750.0,27200.0,27500.0,27500.0,526669.0
2018-04-04,27500.0,27900.0,27400.0,27700.0,27700.0,685151.0
2018-04-05,27700.0,27850.0,27350.0,27600.0,27600.0,420159.0
2018-04-06,27500.0,27750.0,27400.0,27600.0,27600.0,392294.0
2018-04-09,27600.0,27800.0,27400.0,27650.0,27650.0,345714.0
2018-04-10,27550.0,27850.0,27500.0,27650.0,27650.0,339679.0
2018-04-11,27500.0,27950.0,27500.0,27700.0,27700.0,588766.0
2018-04-12,27700.0,27750.0,27500.0,27500.0,27500.0,538204.0
2018-04-13,27200.0,27250.0,26650.0,26700.0,26700.0,1141054.0
2018-04-16,26600.0,27100.0,26550.0,26850.0,26850.0,374974.0
2018-04-17,26900.0,27150.0,26850.0,27150.0,27150.0,387887.0
2018-04-18,27000.0,27200.0,26850.0,27150.0,27150.0,585931.0
2018-04-19,27000.0,27150.0,26850.0,26850.0,26850.0,585842.0
2018-04-20,26850.0,27100.0,26800.0,26950.0,26950.0,476656.0
2018-04-23,27000.0,27400.0,26950.0,27150.0,27150.0,503744.0
2018-04-24,27300.0,27450.0,27200.0,27250.0,27250.0,395617.0
2018-04-25,27250.0,27400.0,27100.0,27200.0,27200.0,417635.0
2018-04-26,27150.0,27250.0,27050.0,27050.0,27050.0,363510.0
2018-04-27,27050.0,27300.0,27000.0,27050.0,27050.0,649388.0
2018-04-30,27100.0,27300.0,27050.0,27250.0,27250.0,635282.0
2018-05-02,27300.0,27450.0,27150.0,27350.0,27350.0,464056.0
2018-05-03,27350.0,27900.0,27200.0,27800.0,27800.0,764257.0
2018-05-04,27900.0,27950.0,27600.0,27700.0,27700.0,570252.0
2018-05-08,27700.0,27750.0,27350.0,27350.0,27350.0,553604.0
2018-05-09,27350.0,27550.0,27200.0,27500.0,27500.0,380991.0
2018-05-10,27400.0,27500.0,27200.0,27200.0,27200.0,937683.0
2018-05-11,27400.0,27500.0,27250.0,27450.0,27450.0,782380.0
2018-05-14,27250.0,27450.0,27200.0,27300.0,27300.0,460097.0
2018-05-15,27300.0,27450.0,27250.0,27250.0,27250.0,341225.0
2018-05-16,27200.0,27400.0,27150.0,27200.0,27200.0,365621.0
2018-05-17,27200.0,27400.0,27100.0,27400.0,27400.0,416772.0
2018-05-18,27250.0,27550.0,27250.0,27350.0,27350.0,270629.0
2018-05-21,27350.0,27500.0,27300.0,27350.0,27350.0,231379.0
2018-05-23,27300.0,27350.0,27200.0,27250.0,27250.0,390754.0
2018-05-24,27250.0,27350.0,27150.0,27200.0,27200.0,224082.0
2018-05-25,27150.0,27300.0,27100.0,27150.0,27150.0,331121.0
2018-05-28,27200.0,27350.0,27200.0,27250.0,27250.0,271895.0
2018-05-29,27250.0,27300.0,27150.0,27200.0,27200.0,252349.0
2018-05-30,27200.0,27250.0,26950.0,27050.0,27050.0,561031.0
2018-05-31,27050.0,27200.0,26950.0,27000.0,27000.0,539112.0
2018-06-01,27150.0,27150.0,26900.0,27000.0,27000.0,252463.0
2018-06-04,27050.0,27300.0,27000.0,27200.0,27200.0,233925.0
2018-06-05,27200.0,27350.0,27100.0,27350.0,27350.0,271199.0
2018-06-07,27300.0,27650.0,27300.0,27650.0,27650.0,556916.0
2018-06-08,27650.0,28000.0,27600.0,27850.0,27850.0,837359.0
2018-06-11,27950.0,28400.0,27900.0,28350.0,28350.0,1245059.0
2018-06-12,28350.0,28500.0,28200.0,28350.0,28350.0,643163.0
2018-06-14,28450.0,28500.0,28100.0,28100.0,28100.0,1100357.0
2018-06-15,28200.0,28350.0,28050.0,28300.0,28300.0,482811.0
2018-06-18,28300.0,28850.0,28150.0,28550.0,28550.0,1227527.0
2018-06-19,28400.0,28450.0,27800.0,28100.0,28100.0,645807.0
2018-06-20,28100.0,28300.0,27800.0,28150.0,28150.0,480497.0
2018-06-21,28050.0,28200.0,27750.0,27950.0,27950.0,894315.0
2018-06-22,27600.0,27950.0,27550.0,27700.0,27700.0,408003.0
2018-06-25,27700.0,27950.0,27500.0,27950.0,27950.0,351053.0
2018-06-26,27850.0,28000.0,27650.0,27700.0,27700.0,313195.0
2018-06-27,27700.0,27950.0,27650.0,27700.0,27700.0,353470.0
2018-06-28,27850.0,27900.0,27450.0,27700.0,27700.0,314293.0
2018-06-29,27800.0,27850.0,27400.0,27400.0,27400.0,357125.0
2018-07-02,27400.0,27450.0,27000.0,27000.0,27000.0,493674.0
2018-07-03,27050.0,27150.0,26800.0,26900.0,26900.0,544289.0
2018-07-04,26750.0,27000.0,26700.0,26900.0,26900.0,590901.0
2018-07-05,26850.0,27050.0,26850.0,27050.0,27050.0,299110.0
2018-07-06,27000.0,27550.0,26900.0,27550.0,27550.0,323349.0
2018-07-09,27350.0,27700.0,27300.0,27700.0,27700.0,303053.0
2018-07-10,27600.0,27900.0,27600.0,27750.0,27750.0,345056.0
2018-07-11,27550.0,27900.0,27550.0,27900.0,27900.0,345712.0
2018-07-12,27900.0,27950.0,27450.0,27450.0,27450.0,482214.0
2018-07-13,27550.0,27950.0,27550.0,27700.0,27700.0,452436.0
2018-07-16,27750.0,27950.0,27750.0,27900.0,27900.0,343266.0
2018-07-17,27950.0,28150.0,27800.0,28150.0,28150.0,374759.0
2018-07-18,28100.0,28200.0,27750.0,27750.0,27750.0,433854.0
2018-07-19,27800.0,27900.0,27250.0,27450.0,27450.0,506962.0
2018-07-20,27400.0,27750.0,27400.0,27500.0,27500.0,323234.0
2018-07-23,27700.0,28000.0,27500.0,27900.0,27900.0,415782.0
2018-07-24,27850.0,28000.0,27750.0,28000.0,28000.0,459025.0
2018-07-25,28100.0,28350.0,28000.0,28250.0,28250.0,438030.0
2018-07-26,28200.0,28250.0,27900.0,27900.0,27900.0,563747.0
2018-07-27,28100.0,28250.0,27850.0,28150.0,28150.0,426376.0
2018-07-30,28050.0,28350.0,28050.0,28050.0,28050.0,390664.0
2018-07-31,28200.0,28650.0,28150.0,28500.0,28500.0,658503.0
2018-08-01,28600.0,28700.0,28200.0,28350.0,28350.0,337680.0
2018-08-02,28550.0,28900.0,28500.0,28800.0,28800.0,1144037.0
2018-08-03,28950.0,29300.0,28850.0,29250.0,29250.0,1126285.0
2018-08-06,29250.0,29650.0,29250.0,29600.0,29600.0,1654504.0
2018-08-07,29400.0,29500.0,28600.0,28750.0,28750.0,989660.0
2018-08-08,28600.0,28900.0,28550.0,28700.0,28700.0,358641.0
2018-08-09,28800.0,29300.0,28750.0,29000.0,29000.0,914128.0
2018-08-10,29000.0,29150.0,28700.0,28950.0,28950.0,531654.0
2018-08-13,28800.0,28950.0,28300.0,28400.0,28400.0,1140996.0
2018-08-14,28500.0,28800.0,28450.0,28700.0,28700.0,433212.0
2018-08-16,28750.0,29250.0,28650.0,28950.0,28950.0,834198.0
2018-08-17,29000.0,29100.0,28700.0,28750.0,28750.0,488225.0
2018-08-20,28800.0,28850.0,28500.0,28650.0,28650.0,397255.0
2018-08-21,28650.0,28700.0,28150.0,28350.0,28350.0,561118.0
2018-08-22,28250.0,28300.0,28100.0,28150.0,28150.0,417256.0
2018-08-23,28300.0,28500.0,28150.0,28350.0,28350.0,416635.0
2018-08-24,28250.0,28800.0,28250.0,28800.0,28800.0,489343.0
2018-08-27,28850.0,28950.0,28550.0,28800.0,28800.0,308603.0
2018-08-28,28650.0,29000.0,28600.0,28950.0,28950.0,341081.0
2018-08-29,28900.0,29100.0,28900.0,28950.0,28950.0,336054.0
2018-08-30,29000.0,29050.0,28650.0,28850.0,28850.0,341350.0
2018-08-31,28800.0,29000.0,28500.0,28900.0,28900.0,381934.0
2018-09-03,28800.0,28950.0,28650.0,28900.0,28900.0,313980.0
2018-09-04,28750.0,28950.0,28700.0,28700.0,28700.0,314532.0
2018-09-05,28750.0,29100.0,28550.0,28900.0,28900.0,386794.0
2018-09-06,28900.0,29050.0,28800.0,29000.0,29000.0,302532.0
2018-09-07,29100.0,29100.0,28900.0,28950.0,28950.0,423346.0
2018-09-10,28700.0,29050.0,28400.0,28450.0,28450.0,736159.0
2018-09-11,28400.0,28700.0,28350.0,28650.0,28650.0,470026.0
2018-09-12,28650.0,29150.0,28600.0,29150.0,29150.0,660844.0
2018-09-13,29000.0,29200.0,28850.0,28850.0,28850.0,992660.0
2018-09-14,28950.0,29500.0,28950.0,29150.0,29150.0,793788.0
2018-09-17,29150.0,29800.0,29050.0,29700.0,29700.0,961958.0
2018-09-18,29550.0,29900.0,29550.0,29900.0,29900.0,687157.0
2018-09-19,29900.0,29900.0,29500.0,29600.0,29600.0,694889.0
2018-09-20,29450.0,29850.0,29450.0,29700.0,29700.0,734073.0
2018-09-21,29800.0,29850.0,29200.0,29200.0,29200.0,867531.0
2018-09-27,29250.0,30000.0,29200.0,29950.0,29950.0,875547.0
2018-09-28,30000.0,30400.0,29900.0,30150.0,30150.0,903620.0
2018-10-01,30100.0,30350.0,29850.0,30050.0,30050.0,964525.0
2018-10-02,29850.0,29950.0,29500.0,29500.0,29500.0,636483.0
2018-10-04,29700.0,30050.0,29650.0,29800.0,29800.0,1506079.0
2018-10-05,29800.0,30000.0,29350.0,30000.0,30000.0,880002.0
2018-10-08,29900.0,29900.0,29550.0,29900.0,29900.0,323617.0
2018-10-10,29850.0,30150.0,29800.0,30000.0,30000.0,693692.0
2018-10-11,29500.0,29750.0,28700.0,29000.0,29000.0,1588800.0
2018-10-12,28900.0,29000.0,28600.0,28800.0,28800.0,728575.0
2018-10-15,28750.0,29100.0,28550.0,29050.0,29050.0,352496.0
2018-10-16,29250.0,29350.0,29050.0,29250.0,29250.0,682241.0
2018-10-17,29300.0,29500.0,29150.0,29500.0,29500.0,493212.0
2018-10-18,29350.0,29950.0,29250.0,29900.0,29900.0,480505.0
2018-10-19,29800.0,30000.0,29550.0,29900.0,29900.0,351349.0
2018-10-22,29750.0,30250.0,29750.0,30250.0,30250.0,616588.0
2018-10-23,30000.0,30200.0,29650.0,29800.0,29800.0,381734.0
2018-10-24,30000.0,30000.0,29650.0,29900.0,29900.0,535205.0
2018-10-25,29600.0,29900.0,29500.0,29850.0,29850.0,808015.0
2018-10-26,29650.0,29900.0,29000.0,29400.0,29400.0,600933.0
2018-10-29,29250.0,29500.0,29150.0,29350.0,29350.0,580868.0
2018-10-30,29200.0,29350.0,28400.0,28550.0,28550.0,847025.0
2018-10-31,28500.0,28950.0,28250.0,28600.0,28600.0,503322.0
2018-11-01,28650.0,29050.0,28650.0,28650.0,28650.0,436059.0
2018-11-02,28550.0,29000.0,28550.0,28800.0,28800.0,446184.0
2018-11-05,28750.0,29400.0,28750.0,29200.0,29200.0,634379.0
2018-11-06,29350.0,29400.0,28950.0,29050.0,29050.0,326593.0
2018-11-07,29000.0,29850.0,29000.0,29700.0,29700.0,906924.0
2018-11-08,29700.0,29950.0,29550.0,29550.0,29550.0,818805.0
2018-11-09,29550.0,29750.0,29450.0,29600.0,29600.0,326779.0
2018-11-12,29600.0,29700.0,29350.0,29700.0,29700.0,334064.0
2018-11-13,29650.0,30000.0,29500.0,29650.0,29650.0,619350.0
2018-11-14,29700.0,29950.0,29700.0,29950.0,29950.0,329412.0
2018-11-16,29800.0,30100.0,29800.0,29950.0,29950.0,463028.0
2018-11-19,29850.0,30100.0,29600.0,29600.0,29600.0,404830.0
2018-11-20,29800.0,30450.0,29650.0,30350.0,30350.0,1008955.0
2018-11-21,30300.0,30550.0,30200.0,30550.0,30550.0,417723.0
2018-11-22,30400.0,30800.0,30300.0,30550.0,30550.0,462735.0
2018-11-23,30650.0,30700.0,30100.0,30200.0,30200.0,302961.0
2018-11-26,29400.0,29750.0,29250.0,29650.0,29650.0,1085108.0
2018-11-27,29600.0,29850.0,29400.0,29700.0,29700.0,544971.0
2018-11-28,29750.0,30300.0,29700.0,30300.0,30300.0,547394.0
2018-11-29,30300.0,30350.0,29850.0,29950.0,29950.0,613073.0
2018-11-30,30000.0,30600.0,29800.0,30500.0,30500.0,606654.0
2018-12-03,30450.0,30800.0,30200.0,30350.0,30350.0,577616.0
2018-12-04,30400.0,30550.0,30050.0,30050.0,30050.0,335279.0
2018-12-05,30050.0,30400.0,29950.0,30100.0,30100.0,524994.0
2018-12-06,30200.0,30400.0,30050.0,30400.0,30400.0,454946.0
2018-12-07,30350.0,30600.0,30150.0,30300.0,30300.0,293462.0
2018-12-10,30200.0,30900.0,30200.0,30900.0,30900.0,776157.0
2018-12-11,30750.0,31200.0,30600.0,31150.0,31150.0,652218.0
2018-12-12,31150.0,31150.0,30750.0,30800.0,30800.0,413543.0
2018-12-13,30800.0,31000.0,30350.0,30350.0,30350.0,1530650.0
2018-12-14,30500.0,30900.0,30500.0,30700.0,30700.0,763816.0
2018-12-17,30900.0,31200.0,30750.0,31100.0,31100.0,660836.0
2018-12-18,31100.0,31250.0,30300.0,30300.0,30300.0,1012293.0
2018-12-19,30400.0,30850.0,30400.0,30850.0,30850.0,447797.0
2018-12-20,30900.0,30900.0,30350.0,30550.0,30550.0,455812.0
2018-12-21,30650.0,30900.0,30500.0,30600.0,30600.0,737156.0
2018-12-24,30650.0,30700.0,30400.0,30550.0,30550.0,465230.0
2018-12-26,30350.0,30450.0,29900.0,30200.0,30200.0,1004866.0
2018-12-27,29550.0,29750.0,29400.0,29600.0,29600.0,607124.0
2018-12-28,29550.0,30050.0,29350.0,29800.0,29800.0,633383.0
