Datetime,Adj Close,Close,High,Low,Open,Volume
2020-02-25 09:00:00+09:00,56700.0,56700.0,56800.0,56200.0,56200.0,0
2020-02-25 09:05:00+09:00,57100.0,57100.0,57100.0,56600.0,56700.0,882566
2020-02-25 09:10:00+09:00,57300.0,57300.0,57600.0,57000.0,57100.0,1012155
2020-02-25 09:15:00+09:00,57100.0,57100.0,57300.0,57000.0,57300.0,444778
2020-02-25 09:20:00+09:00,56700.0,56700.0,57100.0,56600.0,57000.0,756358
2020-02-25 09:25:00+09:00,57000.0,57000.0,57100.0,56600.0,56600.0,647742
2020-02-25 09:30:00+09:00,57000.0,57000.0,57100.0,56900.0,57100.0,296498
2020-02-25 09:35:00+09:00,57100.0,57100.0,57200.0,56900.0,57000.0,477696
2020-02-25 09:40:00+09:00,57100.0,57100.0,57200.0,56900.0,57200.0,453043
2020-02-25 09:45:00+09:00,57000.0,57000.0,57100.0,56900.0,57100.0,145736
2020-02-25 09:50:00+09:00,57100.0,57100.0,57100.0,56900.0,57000.0,270673
2020-02-25 09:55:00+09:00,57300.0,57300.0,57300.0,57100.0,57200.0,343080
2020-02-25 10:00:00+09:00,57500.0,57500.0,57600.0,57100.0,57200.0,440592
2020-02-25 10:05:00+09:00,57500.0,57500.0,57700.0,57400.0,57600.0,706324
2020-02-25 10:10:00+09:00,57800.0,57800.0,57800.0,57400.0,57500.0,376578
2020-02-25 10:15:00+09:00,57600.0,57600.0,57800.0,57500.0,57700.0,579503
2020-02-25 10:20:00+09:00,57700.0,57700.0,57800.0,57500.0,57600.0,361644
2020-02-25 10:25:00+09:00,57500.0,57500.0,57700.0,57400.0,57700.0,337388
2020-02-25 10:30:00+09:00,57600.0,57600.0,57600.0,57400.0,57400.0,228238
2020-02-25 10:35:00+09:00,57600.0,57600.0,57600.0,57500.0,57600.0,86246
2020-02-25 10:40:00+09:00,57600.0,57600.0,57700.0,57500.0,57600.0,368755
2020-02-25 10:45:00+09:00,57600.0,57600.0,57600.0,57500.0,57500.0,63825
2020-02-25 10:50:00+09:00,57400.0,57400.0,57600.0,57400.0,57600.0,183744
2020-02-25 10:55:00+09:00,57200.0,57200.0,57500.0,57200.0,57500.0,310926
2020-02-25 11:00:00+09:00,57300.0,57300.0,57300.0,57100.0,57300.0,395542
2020-02-25 11:05:00+09:00,57200.0,57200.0,57400.0,57200.0,57300.0,195131
2020-02-25 11:10:00+09:00,57200.0,57200.0,57300.0,57100.0,57300.0,342131
2020-02-25 11:15:00+09:00,57400.0,57400.0,57400.0,57200.0,57200.0,242643
2020-02-25 11:20:00+09:00,57400.0,57400.0,57500.0,57200.0,57400.0,320663
2020-02-25 11:25:00+09:00,57400.0,57400.0,57500.0,57300.0,57400.0,179874
2020-02-25 11:30:00+09:00,57400.0,57400.0,57400.0,57200.0,57400.0,196327
2020-02-25 11:35:00+09:00,57300.0,57300.0,57400.0,57200.0,57400.0,202947
2020-02-25 11:40:00+09:00,57400.0,57400.0,57400.0,57200.0,57200.0,149268
2020-02-25 11:45:00+09:00,57400.0,57400.0,57400.0,57200.0,57300.0,223822
2020-02-25 11:50:00+09:00,57200.0,57200.0,57400.0,57200.0,57400.0,151544
2020-02-25 11:55:00+09:00,57300.0,57300.0,57300.0,57200.0,57300.0,46092
2020-02-25 12:00:00+09:00,57200.0,57200.0,57300.0,57200.0,57300.0,57211
2020-02-25 12:05:00+09:00,57300.0,57300.0,57300.0,57200.0,57300.0,75498
2020-02-25 12:10:00+09:00,57300.0,57300.0,57300.0,57100.0,57200.0,439995
2020-02-25 12:15:00+09:00,57300.0,57300.0,57300.0,57200.0,57200.0,62622
2020-02-25 12:20:00+09:00,57200.0,57200.0,57300.0,57200.0,57300.0,67042
2020-02-25 12:25:00+09:00,57300.0,57300.0,57300.0,57200.0,57300.0,80368
2020-02-25 12:30:00+09:00,57300.0,57300.0,57300.0,57200.0,57300.0,57735
2020-02-25 12:35:00+09:00,57300.0,57300.0,57300.0,57200.0,57300.0,67948
2020-02-25 12:40:00+09:00,57400.0,57400.0,57400.0,57200.0,57200.0,219620
2020-02-25 12:45:00+09:00,57300.0,57300.0,57400.0,57300.0,57400.0,62992
2020-02-25 12:50:00+09:00,57400.0,57400.0,57400.0,57300.0,57300.0,70310
2020-02-25 12:55:00+09:00,57500.0,57500.0,57600.0,57300.0,57400.0,361538
2020-02-25 13:00:00+09:00,57500.0,57500.0,57500.0,57400.0,57500.0,103130
2020-02-25 13:05:00+09:00,57500.0,57500.0,57500.0,57400.0,57500.0,112669
2020-02-25 13:10:00+09:00,57500.0,57500.0,57500.0,57400.0,57400.0,83467
2020-02-25 13:15:00+09:00,57500.0,57500.0,57500.0,57300.0,57500.0,250444
2020-02-25 13:20:00+09:00,57500.0,57500.0,57500.0,57400.0,57500.0,71104
2020-02-25 13:25:00+09:00,57700.0,57700.0,57700.0,57400.0,57500.0,250873
2020-02-25 13:30:00+09:00,57700.0,57700.0,57700.0,57500.0,57600.0,170261
2020-02-25 13:35:00+09:00,57700.0,57700.0,57700.0,57500.0,57700.0,204147
2020-02-25 13:40:00+09:00,57600.0,57600.0,57800.0,57600.0,57700.0,292374
2020-02-25 13:45:00+09:00,57800.0,57800.0,57800.0,57600.0,57700.0,140850
2020-02-25 13:50:00+09:00,57800.0,57800.0,57900.0,57600.0,57800.0,254778
2020-02-25 13:55:00+09:00,57700.0,57700.0,57900.0,57700.0,57900.0,138188
2020-02-25 14:00:00+09:00,57900.0,57900.0,57900.0,57700.0,57800.0,304837
2020-02-25 14:05:00+09:00,58000.0,58000.0,58000.0,57800.0,57900.0,256730
2020-02-25 14:10:00+09:00,58000.0,58000.0,58000.0,57800.0,58000.0,232535
2020-02-25 14:15:00+09:00,57900.0,57900.0,58000.0,57800.0,58000.0,191871
2020-02-25 14:20:00+09:00,57900.0,57900.0,57900.0,57800.0,57900.0,108057
2020-02-25 14:25:00+09:00,57700.0,57700.0,57900.0,57600.0,57900.0,560887
2020-02-25 14:30:00+09:00,57600.0,57600.0,57800.0,57600.0,57700.0,119473
2020-02-25 14:35:00+09:00,57800.0,57800.0,57800.0,57600.0,57700.0,215564
2020-02-25 14:40:00+09:00,57700.0,57700.0,57800.0,57700.0,57800.0,83359
2020-02-25 14:45:00+09:00,57700.0,57700.0,57800.0,57700.0,57800.0,81218
2020-02-25 14:50:00+09:00,57800.0,57800.0,57800.0,57700.0,57700.0,146920
2020-02-25 14:55:00+09:00,57800.0,57800.0,57800.0,57600.0,57700.0,327404
2020-02-26 09:00:00+09:00,56400.0,56400.0,56500.0,56000.0,56000.0,0
2020-02-26 09:05:00+09:00,56600.0,56600.0,56700.0,56300.0,56400.0,1012640
2020-02-26 09:10:00+09:00,56500.0,56500.0,56600.0,56300.0,56500.0,745284
2020-02-26 09:15:00+09:00,56400.0,56400.0,56600.0,56400.0,56500.0,551184
2020-02-26 09:20:00+09:00,56500.0,56500.0,56600.0,56400.0,56500.0,493477
2020-02-26 09:25:00+09:00,56700.0,56700.0,56700.0,56400.0,56500.0,415195
2020-02-26 09:30:00+09:00,56600.0,56600.0,56700.0,56500.0,56700.0,558523
2020-02-26 09:35:00+09:00,56600.0,56600.0,56700.0,56500.0,56600.0,370377
2020-02-26 09:40:00+09:00,56900.0,56900.0,56900.0,56500.0,56600.0,315519
2020-02-26 09:45:00+09:00,57000.0,57000.0,57000.0,56800.0,56900.0,267996
2020-02-26 09:50:00+09:00,56900.0,56900.0,57000.0,56800.0,57000.0,485278
2020-02-26 09:55:00+09:00,56600.0,56600.0,56900.0,56600.0,56900.0,430081
2020-02-26 10:00:00+09:00,56600.0,56600.0,56700.0,56500.0,56600.0,444562
2020-02-26 10:05:00+09:00,56600.0,56600.0,56700.0,56500.0,56600.0,380095
2020-02-26 10:10:00+09:00,56600.0,56600.0,56600.0,56500.0,56600.0,106273
2020-02-26 10:15:00+09:00,56600.0,56600.0,56700.0,56500.0,56600.0,648489
2020-02-26 10:20:00+09:00,56600.0,56600.0,56600.0,56500.0,56600.0,129961
2020-02-26 10:25:00+09:00,56600.0,56600.0,56600.0,56500.0,56500.0,100400
2020-02-26 10:30:00+09:00,56600.0,56600.0,56600.0,56500.0,56600.0,110566
2020-02-26 10:35:00+09:00,56600.0,56600.0,56700.0,56500.0,56600.0,468589
2020-02-26 10:40:00+09:00,56300.0,56300.0,56600.0,56300.0,56600.0,602806
2020-02-26 10:45:00+09:00,56400.0,56400.0,56500.0,56300.0,56400.0,498452
2020-02-26 10:50:00+09:00,56400.0,56400.0,56500.0,56300.0,56300.0,292850
2020-02-26 10:55:00+09:00,56400.0,56400.0,56500.0,56300.0,56400.0,209389
2020-02-26 11:00:00+09:00,56400.0,56400.0,56400.0,56300.0,56400.0,89996
2020-02-26 11:05:00+09:00,56300.0,56300.0,56400.0,56300.0,56400.0,67327
2020-02-26 11:10:00+09:00,56600.0,56600.0,56600.0,56300.0,56300.0,538307
2020-02-26 11:15:00+09:00,56600.0,56600.0,56700.0,56500.0,56600.0,200195
2020-02-26 11:20:00+09:00,56600.0,56600.0,56600.0,56500.0,56600.0,65067
2020-02-26 11:25:00+09:00,56600.0,56600.0,56600.0,56500.0,56600.0,68188
2020-02-26 11:30:00+09:00,56700.0,56700.0,56700.0,56500.0,56500.0,171327
2020-02-26 11:35:00+09:00,56700.0,56700.0,56800.0,56600.0,56700.0,157445
2020-02-26 11:40:00+09:00,56700.0,56700.0,56800.0,56600.0,56800.0,237941
2020-02-26 11:45:00+09:00,56600.0,56600.0,56700.0,56500.0,56700.0,191847
2020-02-26 11:50:00+09:00,56600.0,56600.0,56700.0,56500.0,56500.0,209342
2020-02-26 11:55:00+09:00,56700.0,56700.0,56700.0,56500.0,56600.0,154721
2020-02-26 12:00:00+09:00,56700.0,56700.0,56800.0,56600.0,56700.0,162992
2020-02-26 12:05:00+09:00,56700.0,56700.0,56700.0,56600.0,56700.0,74193
2020-02-26 12:10:00+09:00,56800.0,56800.0,56800.0,56600.0,56700.0,135014
2020-02-26 12:15:00+09:00,56700.0,56700.0,56800.0,56600.0,56800.0,164997
2020-02-26 12:20:00+09:00,56700.0,56700.0,56700.0,56600.0,56700.0,38403
2020-02-26 12:25:00+09:00,56800.0,56800.0,56800.0,56600.0,56700.0,189670
2020-02-26 12:30:00+09:00,56800.0,56800.0,56800.0,56600.0,56800.0,243922
2020-02-26 12:35:00+09:00,56900.0,56900.0,56900.0,56700.0,56800.0,192295
2020-02-26 12:40:00+09:00,57000.0,57000.0,57000.0,56800.0,56900.0,362038
2020-02-26 12:45:00+09:00,57000.0,57000.0,57000.0,56900.0,57000.0,128396
2020-02-26 12:50:00+09:00,56900.0,56900.0,57000.0,56800.0,57000.0,287827
2020-02-26 12:55:00+09:00,56900.0,56900.0,57000.0,56800.0,56900.0,221405
2020-02-26 13:00:00+09:00,56900.0,56900.0,56900.0,56800.0,56900.0,53985
2020-02-26 13:05:00+09:00,56800.0,56800.0,56900.0,56600.0,56900.0,388969
2020-02-26 13:10:00+09:00,56700.0,56700.0,56800.0,56600.0,56800.0,154130
2020-02-26 13:15:00+09:00,56700.0,56700.0,56700.0,56500.0,56700.0,280751
2020-02-26 13:20:00+09:00,56800.0,56800.0,56800.0,56600.0,56700.0,162745
2020-02-26 13:25:00+09:00,56600.0,56600.0,56800.0,56600.0,56800.0,166812
2020-02-26 13:30:00+09:00,56600.0,56600.0,56700.0,56500.0,56700.0,430456
2020-02-26 13:35:00+09:00,56700.0,56700.0,56700.0,56600.0,56600.0,112027
2020-02-26 13:40:00+09:00,56600.0,56600.0,56700.0,56500.0,56600.0,189928
2020-02-26 13:45:00+09:00,56700.0,56700.0,56700.0,56500.0,56600.0,141627
2020-02-26 13:50:00+09:00,56700.0,56700.0,56700.0,56600.0,56700.0,82030
2020-02-26 13:55:00+09:00,56600.0,56600.0,56700.0,56500.0,56700.0,201799
2020-02-26 14:00:00+09:00,56600.0,56600.0,56600.0,56500.0,56600.0,110495
2020-02-26 14:05:00+09:00,56600.0,56600.0,56600.0,56500.0,56600.0,72013
2020-02-26 14:10:00+09:00,56600.0,56600.0,56700.0,56500.0,56600.0,521931
2020-02-26 14:15:00+09:00,56700.0,56700.0,56700.0,56500.0,56600.0,136345
2020-02-26 14:20:00+09:00,56700.0,56700.0,56700.0,56500.0,56700.0,321900
2020-02-26 14:25:00+09:00,56700.0,56700.0,56700.0,56500.0,56600.0,120877
2020-02-26 14:30:00+09:00,56700.0,56700.0,56700.0,56600.0,56600.0,75876
2020-02-26 14:35:00+09:00,56700.0,56700.0,56700.0,56600.0,56700.0,109820
2020-02-26 14:40:00+09:00,56700.0,56700.0,56700.0,56600.0,56700.0,198186
2020-02-26 14:45:00+09:00,56700.0,56700.0,56700.0,56600.0,56700.0,103894
2020-02-26 14:50:00+09:00,56700.0,56700.0,56800.0,56600.0,56700.0,380214
2020-02-26 14:55:00+09:00,56900.0,56900.0,56900.0,56700.0,56800.0,307031
2020-02-27 09:00:00+09:00,56200.0,56200.0,56400.0,56100.0,56300.0,0
2020-02-27 09:05:00+09:00,56200.0,56200.0,56200.0,56000.0,56200.0,670386
2020-02-27 09:10:00+09:00,56500.0,56500.0,56500.0,56100.0,56200.0,711889
2020-02-27 09:15:00+09:00,56600.0,56600.0,56700.0,56300.0,56500.0,685212
2020-02-27 09:20:00+09:00,56700.0,56700.0,56700.0,56400.0,56600.0,365732
2020-02-27 09:25:00+09:00,56700.0,56700.0,56900.0,56600.0,56700.0,480985
2020-02-27 09:30:00+09:00,56700.0,56700.0,56800.0,56500.0,56700.0,401755
2020-02-27 09:35:00+09:00,56500.0,56500.0,56800.0,56500.0,56700.0,368550
2020-02-27 09:40:00+09:00,56500.0,56500.0,56700.0,56300.0,56600.0,524041
2020-02-27 09:45:00+09:00,56300.0,56300.0,56500.0,56100.0,56500.0,477685
2020-02-27 09:50:00+09:00,56200.0,56200.0,56300.0,56100.0,56300.0,238063
2020-02-27 09:55:00+09:00,56300.0,56300.0,56300.0,56100.0,56200.0,273688
2020-02-27 10:00:00+09:00,55800.0,55800.0,56200.0,55800.0,56200.0,1237604
2020-02-27 10:05:00+09:00,55800.0,55800.0,55900.0,55700.0,55800.0,473041
2020-02-27 10:10:00+09:00,56000.0,56000.0,56000.0,55800.0,55900.0,174420
2020-02-27 10:15:00+09:00,56000.0,56000.0,56000.0,55800.0,56000.0,243144
2020-02-27 10:20:00+09:00,56000.0,56000.0,56000.0,55900.0,56000.0,103966
2020-02-27 10:25:00+09:00,55700.0,55700.0,56000.0,55700.0,55900.0,404845
2020-02-27 10:30:00+09:00,55700.0,55700.0,55900.0,55700.0,55800.0,232311
2020-02-27 10:35:00+09:00,55500.0,55500.0,55800.0,55500.0,55700.0,622722
2020-02-27 10:40:00+09:00,55800.0,55800.0,55800.0,55500.0,55500.0,427093
2020-02-27 10:45:00+09:00,55800.0,55800.0,55900.0,55700.0,55800.0,140124
2020-02-27 10:50:00+09:00,55700.0,55700.0,55900.0,55600.0,55800.0,301153
2020-02-27 10:55:00+09:00,55600.0,55600.0,55800.0,55600.0,55700.0,207700
2020-02-27 11:00:00+09:00,55700.0,55700.0,55700.0,55600.0,55700.0,51392
2020-02-27 11:05:00+09:00,55700.0,55700.0,55700.0,55600.0,55600.0,59230
2020-02-27 11:10:00+09:00,55800.0,55800.0,55800.0,55600.0,55600.0,190089
2020-02-27 11:15:00+09:00,55800.0,55800.0,55800.0,55600.0,55800.0,255369
2020-02-27 11:20:00+09:00,55600.0,55600.0,55800.0,55600.0,55800.0,118203
2020-02-27 11:25:00+09:00,55700.0,55700.0,55700.0,55600.0,55700.0,49180
2020-02-27 11:30:00+09:00,55700.0,55700.0,55800.0,55600.0,55600.0,273022
2020-02-27 11:35:00+09:00,55700.0,55700.0,55800.0,55600.0,55700.0,98282
2020-02-27 11:40:00+09:00,55800.0,55800.0,55900.0,55700.0,55700.0,265152
2020-02-27 11:45:00+09:00,55800.0,55800.0,55800.0,55700.0,55800.0,104778
2020-02-27 11:50:00+09:00,55900.0,55900.0,55900.0,55700.0,55800.0,271174
2020-02-27 11:55:00+09:00,55900.0,55900.0,55900.0,55800.0,55800.0,45565
2020-02-27 12:00:00+09:00,56000.0,56000.0,56000.0,55800.0,55900.0,116007
2020-02-27 12:05:00+09:00,56100.0,56100.0,56100.0,55900.0,56000.0,104835
2020-02-27 12:10:00+09:00,56100.0,56100.0,56200.0,56000.0,56100.0,247869
2020-02-27 12:15:00+09:00,56300.0,56300.0,56300.0,56000.0,56100.0,145788
2020-02-27 12:20:00+09:00,56300.0,56300.0,56400.0,56200.0,56300.0,186951
2020-02-27 12:25:00+09:00,56300.0,56300.0,56400.0,56200.0,56300.0,97686
2020-02-27 12:30:00+09:00,56200.0,56200.0,56400.0,56100.0,56400.0,215142
2020-02-27 12:35:00+09:00,56100.0,56100.0,56300.0,56100.0,56200.0,93011
2020-02-27 12:40:00+09:00,56200.0,56200.0,56300.0,56100.0,56100.0,110493
2020-02-27 12:45:00+09:00,56300.0,56300.0,56300.0,56200.0,56300.0,28652
2020-02-27 12:50:00+09:00,56200.0,56200.0,56300.0,56100.0,56300.0,83663
2020-02-27 12:55:00+09:00,56100.0,56100.0,56200.0,56000.0,56200.0,128435
2020-02-27 13:00:00+09:00,56000.0,56000.0,56100.0,56000.0,56100.0,46390
2020-02-27 13:05:00+09:00,56200.0,56200.0,56200.0,56000.0,56100.0,121861
2020-02-27 13:10:00+09:00,56100.0,56100.0,56200.0,56000.0,56200.0,141358
2020-02-27 13:15:00+09:00,56100.0,56100.0,56100.0,56000.0,56100.0,57058
2020-02-27 13:20:00+09:00,56100.0,56100.0,56200.0,56000.0,56100.0,147592
2020-02-27 13:25:00+09:00,56100.0,56100.0,56200.0,56000.0,56100.0,81657
2020-02-27 13:30:00+09:00,55900.0,55900.0,56100.0,55800.0,56100.0,327197
2020-02-27 13:35:00+09:00,55900.0,55900.0,56100.0,55800.0,55800.0,343962
2020-02-27 13:40:00+09:00,56000.0,56000.0,56100.0,55900.0,56000.0,116832
2020-02-27 13:45:00+09:00,56200.0,56200.0,56200.0,56000.0,56100.0,98111
2020-02-27 13:50:00+09:00,56000.0,56000.0,56200.0,55900.0,56100.0,156638
2020-02-27 13:55:00+09:00,55900.0,55900.0,56000.0,55800.0,56000.0,251512
2020-02-27 14:00:00+09:00,56000.0,56000.0,56100.0,55800.0,55900.0,224718
2020-02-27 14:05:00+09:00,56100.0,56100.0,56100.0,55900.0,56000.0,161983
2020-02-27 14:10:00+09:00,56000.0,56000.0,56100.0,56000.0,56100.0,51385
2020-02-27 14:15:00+09:00,56000.0,56000.0,56100.0,56000.0,56100.0,78525
2020-02-27 14:20:00+09:00,56100.0,56100.0,56200.0,56000.0,56100.0,350327
2020-02-27 14:25:00+09:00,56100.0,56100.0,56200.0,55900.0,56100.0,406382
2020-02-27 14:30:00+09:00,56100.0,56100.0,56300.0,56100.0,56200.0,218889
2020-02-27 14:35:00+09:00,56300.0,56300.0,56300.0,56100.0,56100.0,257754
2020-02-27 14:40:00+09:00,56000.0,56000.0,56300.0,56000.0,56200.0,388075
2020-02-27 14:45:00+09:00,56000.0,56000.0,56100.0,55900.0,56000.0,174385
2020-02-27 14:50:00+09:00,56200.0,56200.0,56300.0,56000.0,56000.0,229914
2020-02-27 14:55:00+09:00,56300.0,56300.0,56400.0,56200.0,56200.0,307203
2020-02-28 09:00:00+09:00,55200.0,55200.0,55200.0,54900.0,55000.0,0
2020-02-28 09:05:00+09:00,55300.0,55300.0,55500.0,55100.0,55200.0,664912
2020-02-28 09:10:00+09:00,55300.0,55300.0,55300.0,55100.0,55300.0,373118
2020-02-28 09:15:00+09:00,55200.0,55200.0,55300.0,55000.0,55200.0,484743
2020-02-28 09:20:00+09:00,55100.0,55100.0,55200.0,54900.0,55200.0,906885
2020-02-28 09:25:00+09:00,55000.0,55000.0,55100.0,54900.0,55100.0,296371
2020-02-28 09:30:00+09:00,55000.0,55000.0,55100.0,54800.0,54900.0,528447
2020-02-28 09:35:00+09:00,54900.0,54900.0,55100.0,54800.0,55100.0,320486
2020-02-28 09:40:00+09:00,55000.0,55000.0,55000.0,54800.0,55000.0,198266
2020-02-28 09:45:00+09:00,55100.0,55100.0,55200.0,54900.0,55000.0,406830
2020-02-28 09:50:00+09:00,55100.0,55100.0,55200.0,55000.0,55100.0,107733
2020-02-28 09:55:00+09:00,55300.0,55300.0,55300.0,55000.0,55200.0,318460
2020-02-28 10:00:00+09:00,55200.0,55200.0,55400.0,55200.0,55300.0,386649
2020-02-28 10:05:00+09:00,55300.0,55300.0,55300.0,55100.0,55300.0,267908
2020-02-28 10:10:00+09:00,55100.0,55100.0,55300.0,55000.0,55300.0,233869
2020-02-28 10:15:00+09:00,55200.0,55200.0,55200.0,55000.0,55100.0,98136
2020-02-28 10:20:00+09:00,55100.0,55100.0,55200.0,55000.0,55100.0,239410
2020-02-28 10:25:00+09:00,55100.0,55100.0,55100.0,55000.0,55100.0,119335
2020-02-28 10:30:00+09:00,55000.0,55000.0,55100.0,55000.0,55100.0,103750
2020-02-28 10:35:00+09:00,55000.0,55000.0,55100.0,55000.0,55100.0,85282
2020-02-28 10:40:00+09:00,55000.0,55000.0,55100.0,54900.0,55100.0,389869
2020-02-28 10:45:00+09:00,55000.0,55000.0,55100.0,54900.0,54900.0,361244
2020-02-28 10:50:00+09:00,55000.0,55000.0,55100.0,54900.0,55000.0,147300
2020-02-28 10:55:00+09:00,54900.0,54900.0,55000.0,54900.0,55000.0,120975
2020-02-28 11:00:00+09:00,55000.0,55000.0,55000.0,54900.0,55000.0,74150
2020-02-28 11:05:00+09:00,54900.0,54900.0,55000.0,54800.0,55000.0,373191
2020-02-28 11:10:00+09:00,55100.0,55100.0,55100.0,54800.0,54900.0,550317
2020-02-28 11:15:00+09:00,55000.0,55000.0,55100.0,55000.0,55100.0,181816
2020-02-28 11:20:00+09:00,55100.0,55100.0,55100.0,55000.0,55100.0,48970
2020-02-28 11:25:00+09:00,55100.0,55100.0,55100.0,55000.0,55100.0,52235
2020-02-28 11:30:00+09:00,55000.0,55000.0,55100.0,54900.0,55100.0,300307
2020-02-28 11:35:00+09:00,54900.0,54900.0,55000.0,54900.0,55000.0,151432
2020-02-28 11:40:00+09:00,55000.0,55000.0,55000.0,54800.0,55000.0,352400
2020-02-28 11:45:00+09:00,54900.0,54900.0,55000.0,54800.0,54900.0,176105
2020-02-28 11:50:00+09:00,54900.0,54900.0,54900.0,54800.0,54900.0,49761
2020-02-28 11:55:00+09:00,54700.0,54700.0,54900.0,54700.0,54900.0,397259
2020-02-28 12:00:00+09:00,54800.0,54800.0,54800.0,54700.0,54800.0,207397
2020-02-28 12:05:00+09:00,54800.0,54800.0,54800.0,54700.0,54700.0,114808
2020-02-28 12:10:00+09:00,54600.0,54600.0,54800.0,54500.0,54700.0,651144
2020-02-28 12:15:00+09:00,54600.0,54600.0,54700.0,54500.0,54600.0,399717
2020-02-28 12:20:00+09:00,54600.0,54600.0,54600.0,54500.0,54600.0,116410
2020-02-28 12:25:00+09:00,54600.0,54600.0,54600.0,54500.0,54500.0,140415
2020-02-28 12:30:00+09:00,54500.0,54500.0,54600.0,54500.0,54600.0,183997
2020-02-28 12:35:00+09:00,54500.0,54500.0,54600.0,54500.0,54600.0,257662
2020-02-28 12:40:00+09:00,54300.0,54300.0,54600.0,54300.0,54600.0,783637
2020-02-28 12:45:00+09:00,54400.0,54400.0,54400.0,54300.0,54400.0,270862
2020-02-28 12:50:00+09:00,54400.0,54400.0,54600.0,54300.0,54300.0,583477
2020-02-28 12:55:00+09:00,54600.0,54600.0,54600.0,54400.0,54400.0,156564
2020-02-28 13:00:00+09:00,54500.0,54500.0,54700.0,54400.0,54600.0,455096
2020-02-28 13:05:00+09:00,54300.0,54300.0,54500.0,54300.0,54500.0,337896
2020-02-28 13:10:00+09:00,54300.0,54300.0,54500.0,54300.0,54400.0,408565
2020-02-28 13:15:00+09:00,54400.0,54400.0,54400.0,54300.0,54400.0,208124
2020-02-28 13:20:00+09:00,54500.0,54500.0,54500.0,54300.0,54400.0,130641
2020-02-28 13:25:00+09:00,54500.0,54500.0,54500.0,54400.0,54500.0,135122
2020-02-28 13:30:00+09:00,54500.0,54500.0,54600.0,54400.0,54500.0,273162
2020-02-28 13:35:00+09:00,54600.0,54600.0,54600.0,54500.0,54600.0,78367
2020-02-28 13:40:00+09:00,54500.0,54500.0,54600.0,54400.0,54600.0,217061
2020-02-28 13:45:00+09:00,54400.0,54400.0,54500.0,54400.0,54500.0,383928
2020-02-28 13:50:00+09:00,54500.0,54500.0,54600.0,54400.0,54500.0,284910
2020-02-28 13:55:00+09:00,54500.0,54500.0,54600.0,54400.0,54400.0,301179
2020-02-28 14:00:00+09:00,54500.0,54500.0,54500.0,54400.0,54500.0,77454
2020-02-28 14:05:00+09:00,54400.0,54400.0,54500.0,54300.0,54500.0,304922
2020-02-28 14:10:00+09:00,54400.0,54400.0,54500.0,54300.0,54400.0,460141
2020-02-28 14:15:00+09:00,54400.0,54400.0,54500.0,54300.0,54400.0,263036
2020-02-28 14:20:00+09:00,54300.0,54300.0,54400.0,54300.0,54300.0,168780
2020-02-28 14:25:00+09:00,54300.0,54300.0,54400.0,54300.0,54400.0,193860
2020-02-28 14:30:00+09:00,54600.0,54600.0,54600.0,54300.0,54400.0,611892
2020-02-28 14:35:00+09:00,54300.0,54300.0,54600.0,54300.0,54500.0,393751
2020-02-28 14:40:00+09:00,54400.0,54400.0,54400.0,54300.0,54400.0,128607
2020-02-28 14:45:00+09:00,54400.0,54400.0,54500.0,54300.0,54400.0,440580
2020-02-28 14:50:00+09:00,54300.0,54300.0,54400.0,54300.0,54400.0,132897
2020-02-28 14:55:00+09:00,54400.0,54400.0,54400.0,54300.0,54400.0,160937
2020-03-02 09:00:00+09:00,54600.0,54600.0,54800.0,54300.0,54300.0,0
2020-03-02 09:05:00+09:00,54600.0,54600.0,54700.0,54500.0,54600.0,556779
2020-03-02 09:10:00+09:00,54300.0,54300.0,54600.0,54200.0,54600.0,684202
2020-03-02 09:15:00+09:00,54000.0,54000.0,54300.0,53800.0,54300.0,1060004
2020-03-02 09:20:00+09:00,54100.0,54100.0,54100.0,53900.0,54000.0,268259
2020-03-02 09:25:00+09:00,53900.0,53900.0,54100.0,53800.0,54100.0,394159
2020-03-02 09:30:00+09:00,53800.0,53800.0,53900.0,53600.0,53900.0,532282
2020-03-02 09:35:00+09:00,53700.0,53700.0,53800.0,53600.0,53800.0,244168
2020-03-02 09:40:00+09:00,53800.0,53800.0,53800.0,53600.0,53700.0,362864
2020-03-02 09:45:00+09:00,54000.0,54000.0,54000.0,53700.0,53800.0,470967
2020-03-02 09:50:00+09:00,54000.0,54000.0,54200.0,53900.0,54000.0,378369
2020-03-02 09:55:00+09:00,54100.0,54100.0,54100.0,53900.0,54000.0,192634
2020-03-02 10:00:00+09:00,54100.0,54100.0,54200.0,54000.0,54100.0,409812
2020-03-02 10:05:00+09:00,54200.0,54200.0,54200.0,54000.0,54100.0,241109
2020-03-02 10:10:00+09:00,54200.0,54200.0,54400.0,54200.0,54200.0,576384
2020-03-02 10:15:00+09:00,54400.0,54400.0,54500.0,54200.0,54300.0,329669
2020-03-02 10:20:00+09:00,54700.0,54700.0,54700.0,54300.0,54400.0,450988
2020-03-02 10:25:00+09:00,54700.0,54700.0,54800.0,54500.0,54700.0,560964
2020-03-02 10:30:00+09:00,55100.0,55100.0,55100.0,54600.0,54700.0,1006663
2020-03-02 10:35:00+09:00,55100.0,55100.0,55200.0,54900.0,55100.0,497959
2020-03-02 10:40:00+09:00,55100.0,55100.0,55400.0,55000.0,55100.0,676879
2020-03-02 10:45:00+09:00,55000.0,55000.0,55200.0,54900.0,55200.0,499214
2020-03-02 10:50:00+09:00,55000.0,55000.0,55000.0,54800.0,55000.0,327604
2020-03-02 10:55:00+09:00,54700.0,54700.0,55000.0,54600.0,54900.0,416520
2020-03-02 11:00:00+09:00,55000.0,55000.0,55000.0,54600.0,54700.0,318307
2020-03-02 11:05:00+09:00,54900.0,54900.0,55100.0,54800.0,54900.0,195401
2020-03-02 11:10:00+09:00,55100.0,55100.0,55100.0,54800.0,54900.0,155137
2020-03-02 11:15:00+09:00,55300.0,55300.0,55300.0,55000.0,55100.0,215592
2020-03-02 11:20:00+09:00,55100.0,55100.0,55300.0,55000.0,55300.0,392893
2020-03-02 11:25:00+09:00,55100.0,55100.0,55200.0,55000.0,55100.0,203625
2020-03-02 11:30:00+09:00,55300.0,55300.0,55300.0,55000.0,55100.0,286729
2020-03-02 11:35:00+09:00,55100.0,55100.0,55300.0,55000.0,55300.0,620366
2020-03-02 11:40:00+09:00,55200.0,55200.0,55200.0,55000.0,55100.0,150967
2020-03-02 11:45:00+09:00,55400.0,55400.0,55400.0,55100.0,55200.0,262134
2020-03-02 11:50:00+09:00,55400.0,55400.0,55400.0,55200.0,55400.0,406159
2020-03-02 11:55:00+09:00,55300.0,55300.0,55400.0,55200.0,55400.0,259362
2020-03-02 12:00:00+09:00,55300.0,55300.0,55400.0,55200.0,55300.0,147673
2020-03-02 12:05:00+09:00,55400.0,55400.0,55500.0,55200.0,55300.0,446053
2020-03-02 12:10:00+09:00,55300.0,55300.0,55500.0,55200.0,55500.0,357163
2020-03-02 12:15:00+09:00,55200.0,55200.0,55300.0,55100.0,55200.0,216977
2020-03-02 12:20:00+09:00,55200.0,55200.0,55200.0,55000.0,55200.0,360113
2020-03-02 12:25:00+09:00,55100.0,55100.0,55300.0,55100.0,55200.0,204650
2020-03-02 12:30:00+09:00,55200.0,55200.0,55200.0,55000.0,55200.0,251898
2020-03-02 12:35:00+09:00,55400.0,55400.0,55400.0,55100.0,55200.0,262841
2020-03-02 12:40:00+09:00,55400.0,55400.0,55500.0,55300.0,55400.0,317527
2020-03-02 12:45:00+09:00,55200.0,55200.0,55400.0,55100.0,55400.0,356497
2020-03-02 12:50:00+09:00,55100.0,55100.0,55300.0,55000.0,55300.0,515210
2020-03-02 12:55:00+09:00,55100.0,55100.0,55100.0,55000.0,55100.0,168788
2020-03-02 13:00:00+09:00,55000.0,55000.0,55100.0,55000.0,55100.0,143815
2020-03-02 13:05:00+09:00,55200.0,55200.0,55200.0,55000.0,55100.0,274021
2020-03-02 13:10:00+09:00,55100.0,55100.0,55200.0,55000.0,55200.0,162907
2020-03-02 13:15:00+09:00,55200.0,55200.0,55200.0,55000.0,55100.0,276167
2020-03-02 13:20:00+09:00,55100.0,55100.0,55300.0,55100.0,55200.0,315068
2020-03-02 13:25:00+09:00,55200.0,55200.0,55300.0,55100.0,55200.0,283176
2020-03-02 13:30:00+09:00,55100.0,55100.0,55200.0,55000.0,55200.0,250375
2020-03-02 13:35:00+09:00,55000.0,55000.0,55100.0,54900.0,55100.0,301085
2020-03-02 13:40:00+09:00,55100.0,55100.0,55200.0,54900.0,55000.0,276037
2020-03-02 13:45:00+09:00,55100.0,55100.0,55100.0,55000.0,55100.0,71179
2020-03-02 13:50:00+09:00,55200.0,55200.0,55200.0,55000.0,55100.0,190885
2020-03-02 13:55:00+09:00,55100.0,55100.0,55200.0,55000.0,55200.0,198462
2020-03-02 14:00:00+09:00,55100.0,55100.0,55200.0,55000.0,55100.0,162835
2020-03-02 14:05:00+09:00,55100.0,55100.0,55200.0,55000.0,55100.0,261438
2020-03-02 14:10:00+09:00,55100.0,55100.0,55100.0,55000.0,55100.0,136702
2020-03-02 14:15:00+09:00,55000.0,55000.0,55100.0,54900.0,55000.0,253554
2020-03-02 14:20:00+09:00,55000.0,55000.0,55100.0,54900.0,55000.0,305845
2020-03-02 14:25:00+09:00,55100.0,55100.0,55100.0,54900.0,55100.0,352366
2020-03-02 14:30:00+09:00,55100.0,55100.0,55100.0,55000.0,55100.0,119245
2020-03-02 14:35:00+09:00,55200.0,55200.0,55200.0,55000.0,55100.0,245787
2020-03-02 14:40:00+09:00,55100.0,55100.0,55200.0,55100.0,55200.0,191865
2020-03-02 14:45:00+09:00,55000.0,55000.0,55200.0,55000.0,55100.0,215661
2020-03-02 14:50:00+09:00,54900.0,54900.0,55100.0,54900.0,55100.0,461409
2020-03-02 14:55:00+09:00,55000.0,55000.0,55100.0,54900.0,55000.0,189784
2020-03-03 09:00:00+09:00,56500.0,56500.0,56900.0,56400.0,56700.0,0
2020-03-03 09:05:00+09:00,56700.0,56700.0,56700.0,56200.0,56500.0,1133995
2020-03-03 09:10:00+09:00,56500.0,56500.0,56700.0,56500.0,56600.0,485200
2020-03-03 09:15:00+09:00,56300.0,56300.0,56600.0,56200.0,56500.0,633616
2020-03-03 09:20:00+09:00,56500.0,56500.0,56500.0,56200.0,56300.0,319830
2020-03-03 09:25:00+09:00,56300.0,56300.0,56500.0,56300.0,56500.0,228024
2020-03-03 09:30:00+09:00,56400.0,56400.0,56400.0,56300.0,56400.0,130230
2020-03-03 09:35:00+09:00,56500.0,56500.0,56500.0,56300.0,56400.0,325173
2020-03-03 09:40:00+09:00,56500.0,56500.0,56500.0,56300.0,56500.0,228102
2020-03-03 09:45:00+09:00,56400.0,56400.0,56500.0,56300.0,56500.0,219275
2020-03-03 09:50:00+09:00,56300.0,56300.0,56400.0,56300.0,56400.0,104104
2020-03-03 09:55:00+09:00,56400.0,56400.0,56400.0,56300.0,56300.0,94952
2020-03-03 10:00:00+09:00,56400.0,56400.0,56400.0,56200.0,56400.0,577313
2020-03-03 10:05:00+09:00,56300.0,56300.0,56400.0,56200.0,56400.0,119480
2020-03-03 10:10:00+09:00,56000.0,56000.0,56300.0,56000.0,56200.0,690259
2020-03-03 10:15:00+09:00,55900.0,55900.0,56100.0,55800.0,56000.0,801234
2020-03-03 10:20:00+09:00,56000.0,56000.0,56000.0,55800.0,55900.0,229306
2020-03-03 10:25:00+09:00,56000.0,56000.0,56000.0,55900.0,56000.0,167706
2020-03-03 10:30:00+09:00,55900.0,55900.0,56000.0,55800.0,56000.0,387340
2020-03-03 10:35:00+09:00,55800.0,55800.0,56000.0,55800.0,55900.0,104259
2020-03-03 10:40:00+09:00,55700.0,55700.0,55900.0,55600.0,55900.0,441407
2020-03-03 10:45:00+09:00,55700.0,55700.0,55800.0,55600.0,55800.0,144943
2020-03-03 10:50:00+09:00,55700.0,55700.0,55800.0,55600.0,55700.0,317092
2020-03-03 10:55:00+09:00,55700.0,55700.0,55700.0,55600.0,55700.0,67332
2020-03-03 11:00:00+09:00,55700.0,55700.0,55800.0,55600.0,55700.0,379220
2020-03-03 11:05:00+09:00,55900.0,55900.0,55900.0,55700.0,55800.0,250528
2020-03-03 11:10:00+09:00,55800.0,55800.0,55900.0,55600.0,55800.0,388012
2020-03-03 11:15:00+09:00,55700.0,55700.0,55800.0,55700.0,55800.0,59234
2020-03-03 11:20:00+09:00,55600.0,55600.0,55800.0,55600.0,55800.0,167578
2020-03-03 11:25:00+09:00,55800.0,55800.0,55800.0,55600.0,55700.0,208707
2020-03-03 11:30:00+09:00,55800.0,55800.0,55800.0,55700.0,55800.0,198893
2020-03-03 11:35:00+09:00,55900.0,55900.0,55900.0,55700.0,55800.0,176805
2020-03-03 11:40:00+09:00,55900.0,55900.0,55900.0,55700.0,55900.0,114831
2020-03-03 11:45:00+09:00,56200.0,56200.0,56200.0,55800.0,55900.0,593497
2020-03-03 11:50:00+09:00,56100.0,56100.0,56300.0,56000.0,56200.0,589566
2020-03-03 11:55:00+09:00,56000.0,56000.0,56100.0,55900.0,56100.0,613337
2020-03-03 12:00:00+09:00,56000.0,56000.0,56100.0,55900.0,56000.0,239243
2020-03-03 12:05:00+09:00,56000.0,56000.0,56000.0,55900.0,56000.0,101884
2020-03-03 12:10:00+09:00,56000.0,56000.0,56000.0,55900.0,56000.0,213715
2020-03-03 12:15:00+09:00,56000.0,56000.0,56000.0,55900.0,56000.0,47643
2020-03-03 12:20:00+09:00,56200.0,56200.0,56200.0,55900.0,56000.0,311921
2020-03-03 12:25:00+09:00,56400.0,56400.0,56400.0,56100.0,56200.0,435462
2020-03-03 12:30:00+09:00,56400.0,56400.0,56500.0,56300.0,56400.0,340177
2020-03-03 12:35:00+09:00,56700.0,56700.0,56700.0,56400.0,56500.0,533265
2020-03-03 12:40:00+09:00,56800.0,56800.0,56900.0,56600.0,56700.0,663270
2020-03-03 12:45:00+09:00,56700.0,56700.0,56900.0,56600.0,56900.0,583631
2020-03-03 12:50:00+09:00,56900.0,56900.0,56900.0,56700.0,56800.0,196312
2020-03-03 12:55:00+09:00,56800.0,56800.0,56900.0,56600.0,56900.0,410269
2020-03-03 13:00:00+09:00,56500.0,56500.0,56800.0,56400.0,56800.0,284318
2020-03-03 13:05:00+09:00,56600.0,56600.0,56600.0,56400.0,56500.0,201750
2020-03-03 13:10:00+09:00,56600.0,56600.0,56700.0,56500.0,56600.0,242800
2020-03-03 13:15:00+09:00,56500.0,56500.0,56600.0,56400.0,56600.0,193705
2020-03-03 13:20:00+09:00,56300.0,56300.0,56500.0,56200.0,56500.0,436706
2020-03-03 13:25:00+09:00,56100.0,56100.0,56400.0,56100.0,56200.0,432450
2020-03-03 13:30:00+09:00,56200.0,56200.0,56300.0,56100.0,56200.0,456220
2020-03-03 13:35:00+09:00,56100.0,56100.0,56200.0,56000.0,56200.0,335397
2020-03-03 13:40:00+09:00,56100.0,56100.0,56300.0,56000.0,56100.0,318325
2020-03-03 13:45:00+09:00,56100.0,56100.0,56100.0,55900.0,56100.0,463639
2020-03-03 13:50:00+09:00,56000.0,56000.0,56100.0,55900.0,56100.0,238769
2020-03-03 13:55:00+09:00,56000.0,56000.0,56100.0,55900.0,56100.0,299357
2020-03-03 14:00:00+09:00,56200.0,56200.0,56200.0,55900.0,56000.0,146764
2020-03-03 14:05:00+09:00,56100.0,56100.0,56200.0,56000.0,56200.0,198485
2020-03-03 14:10:00+09:00,56000.0,56000.0,56100.0,55900.0,56100.0,342619
2020-03-03 14:15:00+09:00,55900.0,55900.0,56000.0,55700.0,56000.0,411147
2020-03-03 14:20:00+09:00,55800.0,55800.0,55900.0,55700.0,55900.0,450179
2020-03-03 14:25:00+09:00,55700.0,55700.0,55900.0,55700.0,55800.0,200303
2020-03-03 14:30:00+09:00,55800.0,55800.0,55800.0,55700.0,55800.0,87906
2020-03-03 14:35:00+09:00,55800.0,55800.0,55800.0,55700.0,55800.0,155000
2020-03-03 14:40:00+09:00,55800.0,55800.0,55900.0,55700.0,55800.0,296239
2020-03-03 14:45:00+09:00,55800.0,55800.0,55800.0,55700.0,55800.0,84730
2020-03-03 14:50:00+09:00,55800.0,55800.0,55800.0,55500.0,55800.0,773350
2020-03-03 14:55:00+09:00,55600.0,55600.0,55800.0,55600.0,55800.0,319380
2020-03-04 09:00:00+09:00,55500.0,55500.0,55600.0,54600.0,54800.0,0
2020-03-04 09:05:00+09:00,55800.0,55800.0,56000.0,55400.0,55500.0,1051000
2020-03-04 09:10:00+09:00,55900.0,55900.0,56200.0,55800.0,55900.0,686882
2020-03-04 09:15:00+09:00,55900.0,55900.0,56100.0,55800.0,55900.0,423042
2020-03-04 09:20:00+09:00,56100.0,56100.0,56200.0,55800.0,55900.0,482217
2020-03-04 09:25:00+09:00,56600.0,56600.0,56600.0,56000.0,56100.0,1117788
2020-03-04 09:30:00+09:00,56600.0,56600.0,56700.0,56400.0,56600.0,441810
2020-03-04 09:35:00+09:00,56500.0,56500.0,56700.0,56400.0,56600.0,517451
2020-03-04 09:40:00+09:00,56500.0,56500.0,56500.0,56400.0,56500.0,216875
2020-03-04 09:45:00+09:00,56300.0,56300.0,56500.0,56200.0,56500.0,368399
2020-03-04 09:50:00+09:00,56600.0,56600.0,56600.0,56200.0,56300.0,231104
2020-03-04 09:55:00+09:00,56600.0,56600.0,56600.0,56400.0,56500.0,223274
2020-03-04 10:00:00+09:00,56600.0,56600.0,56700.0,56500.0,56600.0,333776
2020-03-04 10:05:00+09:00,56600.0,56600.0,56600.0,56500.0,56600.0,75229
2020-03-04 10:10:00+09:00,56700.0,56700.0,56700.0,56500.0,56600.0,205281
2020-03-04 10:15:00+09:00,56700.0,56700.0,56800.0,56600.0,56700.0,326546
2020-03-04 10:20:00+09:00,56800.0,56800.0,57000.0,56600.0,56700.0,627304
2020-03-04 10:25:00+09:00,56900.0,56900.0,57000.0,56800.0,56900.0,343039
2020-03-04 10:30:00+09:00,56800.0,56800.0,56900.0,56700.0,56900.0,149914
2020-03-04 10:35:00+09:00,56700.0,56700.0,56900.0,56700.0,56800.0,205862
2020-03-04 10:40:00+09:00,56500.0,56500.0,56800.0,56500.0,56700.0,411996
2020-03-04 10:45:00+09:00,56600.0,56600.0,56600.0,56500.0,56600.0,201312
2020-03-04 10:50:00+09:00,56700.0,56700.0,56700.0,56500.0,56600.0,217933
2020-03-04 10:55:00+09:00,56800.0,56800.0,56900.0,56600.0,56700.0,295607
2020-03-04 11:00:00+09:00,56600.0,56600.0,56800.0,56500.0,56800.0,300766
2020-03-04 11:05:00+09:00,56600.0,56600.0,56700.0,56600.0,56700.0,30233
2020-03-04 11:10:00+09:00,56600.0,56600.0,56800.0,56600.0,56700.0,214544
2020-03-04 11:15:00+09:00,56800.0,56800.0,56800.0,56600.0,56700.0,220415
2020-03-04 11:20:00+09:00,56800.0,56800.0,56900.0,56700.0,56800.0,169227
2020-03-04 11:25:00+09:00,56900.0,56900.0,56900.0,56800.0,56800.0,46392
2020-03-04 11:30:00+09:00,56900.0,56900.0,56900.0,56800.0,56900.0,139338
2020-03-04 11:35:00+09:00,56900.0,56900.0,57000.0,56800.0,56800.0,352997
2020-03-04 11:40:00+09:00,57300.0,57300.0,57300.0,56800.0,56900.0,938614
2020-03-04 11:45:00+09:00,57100.0,57100.0,57300.0,57000.0,57200.0,245595
2020-03-04 11:50:00+09:00,57200.0,57200.0,57300.0,57000.0,57200.0,413301
2020-03-04 11:55:00+09:00,57400.0,57400.0,57400.0,57100.0,57200.0,266555
2020-03-04 12:00:00+09:00,57400.0,57400.0,57400.0,57300.0,57400.0,74540
2020-03-04 12:05:00+09:00,57300.0,57300.0,57400.0,57300.0,57300.0,103773
2020-03-04 12:10:00+09:00,57300.0,57300.0,57400.0,57300.0,57400.0,87153
2020-03-04 12:15:00+09:00,57200.0,57200.0,57400.0,57100.0,57300.0,511763
2020-03-04 12:20:00+09:00,57200.0,57200.0,57300.0,57100.0,57300.0,211957
2020-03-04 12:25:00+09:00,57200.0,57200.0,57300.0,57200.0,57300.0,100905
2020-03-04 12:30:00+09:00,57300.0,57300.0,57400.0,57200.0,57300.0,180681
2020-03-04 12:35:00+09:00,57300.0,57300.0,57400.0,57200.0,57300.0,499128
2020-03-04 12:40:00+09:00,57200.0,57200.0,57300.0,57100.0,57300.0,178269
2020-03-04 12:45:00+09:00,57100.0,57100.0,57300.0,57100.0,57300.0,57462
2020-03-04 12:50:00+09:00,57200.0,57200.0,57200.0,57100.0,57200.0,56258
2020-03-04 12:55:00+09:00,57300.0,57300.0,57300.0,57100.0,57200.0,182063
2020-03-04 13:00:00+09:00,57300.0,57300.0,57300.0,57200.0,57300.0,274291
2020-03-04 13:05:00+09:00,57300.0,57300.0,57300.0,57200.0,57300.0,66679
2020-03-04 13:10:00+09:00,57200.0,57200.0,57300.0,57100.0,57300.0,202964
2020-03-04 13:15:00+09:00,57300.0,57300.0,57300.0,57100.0,57200.0,164146
2020-03-04 13:20:00+09:00,57200.0,57200.0,57300.0,57100.0,57300.0,87432
2020-03-04 13:25:00+09:00,57200.0,57200.0,57200.0,57100.0,57100.0,39578
2020-03-04 13:30:00+09:00,57200.0,57200.0,57200.0,57100.0,57200.0,69181
2020-03-04 13:35:00+09:00,57200.0,57200.0,57200.0,57100.0,57200.0,92506
2020-03-04 13:40:00+09:00,57300.0,57300.0,57300.0,57100.0,57200.0,258684
2020-03-04 13:45:00+09:00,57300.0,57300.0,57400.0,57200.0,57300.0,374071
2020-03-04 13:50:00+09:00,57300.0,57300.0,57400.0,57200.0,57300.0,215675
2020-03-04 13:55:00+09:00,57300.0,57300.0,57400.0,57200.0,57400.0,261797
2020-03-04 14:00:00+09:00,57300.0,57300.0,57400.0,57200.0,57300.0,125943
2020-03-04 14:05:00+09:00,57200.0,57200.0,57300.0,57100.0,57200.0,154937
2020-03-04 14:10:00+09:00,57200.0,57200.0,57200.0,57100.0,57200.0,86032
2020-03-04 14:15:00+09:00,57100.0,57100.0,57200.0,57000.0,57100.0,417757
2020-03-04 14:20:00+09:00,57100.0,57100.0,57200.0,57100.0,57200.0,87789
2020-03-04 14:25:00+09:00,57200.0,57200.0,57300.0,57100.0,57200.0,307563
2020-03-04 14:30:00+09:00,57100.0,57100.0,57300.0,57100.0,57100.0,155188
2020-03-04 14:35:00+09:00,57300.0,57300.0,57300.0,57100.0,57100.0,142386
2020-03-04 14:40:00+09:00,57200.0,57200.0,57300.0,57200.0,57200.0,72962
2020-03-04 14:45:00+09:00,57500.0,57500.0,57500.0,57200.0,57300.0,448002
2020-03-04 14:50:00+09:00,57500.0,57500.0,57500.0,57400.0,57500.0,85922
2020-03-04 14:55:00+09:00,57400.0,57400.0,57500.0,57300.0,57500.0,264350
2020-03-05 09:00:00+09:00,57200.0,57200.0,58000.0,57100.0,57600.0,0
2020-03-05 09:05:00+09:00,57300.0,57300.0,57400.0,57000.0,57300.0,1083830
2020-03-05 09:10:00+09:00,57200.0,57200.0,57300.0,57100.0,57300.0,789419
2020-03-05 09:15:00+09:00,57300.0,57300.0,57400.0,57100.0,57200.0,509393
2020-03-05 09:20:00+09:00,57100.0,57100.0,57300.0,57100.0,57300.0,354931
2020-03-05 09:25:00+09:00,57400.0,57400.0,57400.0,57100.0,57100.0,344893
2020-03-05 09:30:00+09:00,57600.0,57600.0,57600.0,57300.0,57400.0,348636
2020-03-05 09:35:00+09:00,57600.0,57600.0,57700.0,57500.0,57600.0,420633
2020-03-05 09:40:00+09:00,57500.0,57500.0,57700.0,57400.0,57700.0,382312
2020-03-05 09:45:00+09:00,57400.0,57400.0,57500.0,57300.0,57500.0,167261
2020-03-05 09:50:00+09:00,57200.0,57200.0,57400.0,57200.0,57400.0,262400
2020-03-05 09:55:00+09:00,57400.0,57400.0,57400.0,57200.0,57200.0,135763
2020-03-05 10:00:00+09:00,57300.0,57300.0,57500.0,57300.0,57400.0,217856
2020-03-05 10:05:00+09:00,57200.0,57200.0,57400.0,57200.0,57400.0,213524
2020-03-05 10:10:00+09:00,57000.0,57000.0,57300.0,57000.0,57300.0,384058
2020-03-05 10:15:00+09:00,57100.0,57100.0,57200.0,57000.0,57100.0,154915
2020-03-05 10:20:00+09:00,57200.0,57200.0,57300.0,57100.0,57200.0,157310
2020-03-05 10:25:00+09:00,57200.0,57200.0,57200.0,57000.0,57200.0,233144
2020-03-05 10:30:00+09:00,57100.0,57100.0,57300.0,57100.0,57200.0,211779
2020-03-05 10:35:00+09:00,57300.0,57300.0,57400.0,57100.0,57200.0,205331
2020-03-05 10:40:00+09:00,57300.0,57300.0,57400.0,57200.0,57400.0,173631
2020-03-05 10:45:00+09:00,57200.0,57200.0,57300.0,57100.0,57300.0,156927
2020-03-05 10:50:00+09:00,57100.0,57100.0,57200.0,57000.0,57100.0,305727
2020-03-05 10:55:00+09:00,57200.0,57200.0,57200.0,57100.0,57200.0,144543
2020-03-05 11:00:00+09:00,57100.0,57100.0,57200.0,57000.0,57100.0,276118
2020-03-05 11:05:00+09:00,56900.0,56900.0,57100.0,56800.0,57100.0,660024
2020-03-05 11:10:00+09:00,56900.0,56900.0,57000.0,56800.0,56800.0,253296
2020-03-05 11:15:00+09:00,57000.0,57000.0,57000.0,56700.0,56800.0,409187
2020-03-05 11:20:00+09:00,56900.0,56900.0,57000.0,56800.0,56900.0,131037
2020-03-05 11:25:00+09:00,57000.0,57000.0,57000.0,56800.0,56900.0,133827
2020-03-05 11:30:00+09:00,57100.0,57100.0,57100.0,56900.0,56900.0,153059
2020-03-05 11:35:00+09:00,56900.0,56900.0,57100.0,56900.0,57000.0,89047
2020-03-05 11:40:00+09:00,57000.0,57000.0,57000.0,56800.0,57000.0,152445
2020-03-05 11:45:00+09:00,57200.0,57200.0,57200.0,56900.0,57000.0,189557
2020-03-05 11:50:00+09:00,57100.0,57100.0,57200.0,57100.0,57100.0,62557
2020-03-05 11:55:00+09:00,57200.0,57200.0,57200.0,57000.0,57100.0,154017
2020-03-05 12:00:00+09:00,57300.0,57300.0,57300.0,57100.0,57200.0,122226
2020-03-05 12:05:00+09:00,57200.0,57200.0,57300.0,57200.0,57200.0,18019
2020-03-05 12:10:00+09:00,57100.0,57100.0,57300.0,57100.0,57300.0,122196
2020-03-05 12:15:00+09:00,57200.0,57200.0,57300.0,57100.0,57200.0,140531
2020-03-05 12:20:00+09:00,57300.0,57300.0,57300.0,57100.0,57200.0,65103
2020-03-05 12:25:00+09:00,57200.0,57200.0,57300.0,57100.0,57300.0,108307
2020-03-05 12:30:00+09:00,57300.0,57300.0,57300.0,57100.0,57200.0,37726
2020-03-05 12:35:00+09:00,57200.0,57200.0,57300.0,57100.0,57200.0,151015
2020-03-05 12:40:00+09:00,57100.0,57100.0,57300.0,57000.0,57200.0,184542
2020-03-05 12:45:00+09:00,57100.0,57100.0,57100.0,57000.0,57100.0,36211
2020-03-05 12:50:00+09:00,57200.0,57200.0,57200.0,57000.0,57100.0,52549
2020-03-05 12:55:00+09:00,57200.0,57200.0,57200.0,57100.0,57200.0,25149
2020-03-05 13:00:00+09:00,57200.0,57200.0,57200.0,57100.0,57100.0,114737
2020-03-05 13:05:00+09:00,57200.0,57200.0,57300.0,57100.0,57100.0,74631
2020-03-05 13:10:00+09:00,57100.0,57100.0,57300.0,57100.0,57300.0,102673
2020-03-05 13:15:00+09:00,57200.0,57200.0,57200.0,57100.0,57200.0,26631
2020-03-05 13:20:00+09:00,57200.0,57200.0,57200.0,57100.0,57200.0,32822
2020-03-05 13:25:00+09:00,57200.0,57200.0,57300.0,57100.0,57100.0,151709
2020-03-05 13:30:00+09:00,57200.0,57200.0,57300.0,57200.0,57200.0,48339
2020-03-05 13:35:00+09:00,57300.0,57300.0,57400.0,57200.0,57300.0,252057
2020-03-05 13:40:00+09:00,57200.0,57200.0,57300.0,57200.0,57300.0,93957
2020-03-05 13:45:00+09:00,57300.0,57300.0,57300.0,57200.0,57300.0,49637
2020-03-05 13:50:00+09:00,57400.0,57400.0,57400.0,57200.0,57300.0,135725
2020-03-05 13:55:00+09:00,57400.0,57400.0,57400.0,57300.0,57400.0,70180
2020-03-05 14:00:00+09:00,57500.0,57500.0,57600.0,57300.0,57400.0,426591
2020-03-05 14:05:00+09:00,57600.0,57600.0,57600.0,57400.0,57600.0,230815
2020-03-05 14:10:00+09:00,57600.0,57600.0,57700.0,57500.0,57600.0,173887
2020-03-05 14:15:00+09:00,57600.0,57600.0,57700.0,57500.0,57700.0,252624
2020-03-05 14:20:00+09:00,57600.0,57600.0,57700.0,57500.0,57600.0,137032
2020-03-05 14:25:00+09:00,57800.0,57800.0,57800.0,57500.0,57600.0,323557
2020-03-05 14:30:00+09:00,57800.0,57800.0,57800.0,57600.0,57800.0,125887
2020-03-05 14:35:00+09:00,57900.0,57900.0,57900.0,57700.0,57800.0,311863
2020-03-05 14:40:00+09:00,57800.0,57800.0,57900.0,57700.0,57800.0,305218
2020-03-05 14:45:00+09:00,57800.0,57800.0,57900.0,57800.0,57900.0,109572
2020-03-05 14:50:00+09:00,57800.0,57800.0,57900.0,57800.0,57800.0,120761
2020-03-05 14:55:00+09:00,57800.0,57800.0,58000.0,57800.0,57900.0,476317
2020-03-06 09:00:00+09:00,56700.0,56700.0,56900.0,56500.0,56500.0,0
2020-03-06 09:05:00+09:00,56600.0,56600.0,56800.0,56500.0,56800.0,799866
2020-03-06 09:10:00+09:00,57000.0,57000.0,57000.0,56600.0,56700.0,444262
2020-03-06 09:15:00+09:00,56900.0,56900.0,57200.0,56800.0,57000.0,552246
2020-03-06 09:20:00+09:00,57000.0,57000.0,57100.0,56900.0,57000.0,171004
2020-03-06 09:25:00+09:00,57100.0,57100.0,57200.0,56900.0,57100.0,412219
2020-03-06 09:30:00+09:00,57100.0,57100.0,57200.0,57000.0,57100.0,154889
2020-03-06 09:35:00+09:00,56800.0,56800.0,57100.0,56800.0,57100.0,307447
2020-03-06 09:40:00+09:00,56800.0,56800.0,56900.0,56700.0,56900.0,347646
2020-03-06 09:45:00+09:00,56800.0,56800.0,56900.0,56600.0,56800.0,567382
2020-03-06 09:50:00+09:00,56900.0,56900.0,56900.0,56700.0,56800.0,298505
2020-03-06 09:55:00+09:00,56900.0,56900.0,56900.0,56800.0,56900.0,71791
2020-03-06 10:00:00+09:00,56800.0,56800.0,56900.0,56700.0,56900.0,165189
2020-03-06 10:05:00+09:00,56700.0,56700.0,56800.0,56600.0,56800.0,192111
2020-03-06 10:10:00+09:00,56700.0,56700.0,56800.0,56600.0,56700.0,213110
2020-03-06 10:15:00+09:00,56500.0,56500.0,56700.0,56500.0,56700.0,345414
2020-03-06 10:20:00+09:00,56700.0,56700.0,56700.0,56500.0,56500.0,279164
2020-03-06 10:25:00+09:00,56700.0,56700.0,56700.0,56500.0,56600.0,179161
2020-03-06 10:30:00+09:00,56700.0,56700.0,56800.0,56600.0,56700.0,205506
2020-03-06 10:35:00+09:00,56700.0,56700.0,56800.0,56600.0,56700.0,159967
2020-03-06 10:40:00+09:00,56800.0,56800.0,56900.0,56600.0,56700.0,378849
2020-03-06 10:45:00+09:00,56700.0,56700.0,56800.0,56600.0,56800.0,241507
2020-03-06 10:50:00+09:00,56700.0,56700.0,56700.0,56600.0,56700.0,127435
2020-03-06 10:55:00+09:00,56700.0,56700.0,56700.0,56600.0,56700.0,60382
2020-03-06 11:00:00+09:00,56600.0,56600.0,56700.0,56500.0,56700.0,228336
2020-03-06 11:05:00+09:00,56400.0,56400.0,56600.0,56300.0,56500.0,1007834
2020-03-06 11:10:00+09:00,56300.0,56300.0,56400.0,56200.0,56400.0,288888
2020-03-06 11:15:00+09:00,56500.0,56500.0,56500.0,56200.0,56300.0,283504
2020-03-06 11:20:00+09:00,56500.0,56500.0,56500.0,56300.0,56500.0,256291
2020-03-06 11:25:00+09:00,56300.0,56300.0,56500.0,56300.0,56500.0,92785
2020-03-06 11:30:00+09:00,56400.0,56400.0,56400.0,56300.0,56400.0,67105
2020-03-06 11:35:00+09:00,56500.0,56500.0,56500.0,56300.0,56400.0,254262
2020-03-06 11:40:00+09:00,56400.0,56400.0,56500.0,56300.0,56500.0,89624
2020-03-06 11:45:00+09:00,56400.0,56400.0,56500.0,56300.0,56400.0,103195
2020-03-06 11:50:00+09:00,56400.0,56400.0,56400.0,56300.0,56400.0,80227
2020-03-06 11:55:00+09:00,56400.0,56400.0,56400.0,56300.0,56400.0,105869
2020-03-06 12:00:00+09:00,56400.0,56400.0,56400.0,56300.0,56400.0,100476
2020-03-06 12:05:00+09:00,56400.0,56400.0,56400.0,56300.0,56400.0,113077
2020-03-06 12:10:00+09:00,56400.0,56400.0,56400.0,56300.0,56400.0,67401
2020-03-06 12:15:00+09:00,56400.0,56400.0,56500.0,56300.0,56400.0,88783
2020-03-06 12:20:00+09:00,56500.0,56500.0,56500.0,56300.0,56300.0,132881
2020-03-06 12:25:00+09:00,56400.0,56400.0,56500.0,56300.0,56500.0,128506
2020-03-06 12:30:00+09:00,56400.0,56400.0,56500.0,56300.0,56400.0,82391
2020-03-06 12:35:00+09:00,56500.0,56500.0,56500.0,56400.0,56500.0,36776
2020-03-06 12:40:00+09:00,56500.0,56500.0,56500.0,56400.0,56500.0,94950
2020-03-06 12:45:00+09:00,56500.0,56500.0,56500.0,56400.0,56500.0,56526
2020-03-06 12:50:00+09:00,56400.0,56400.0,56500.0,56300.0,56500.0,250444
2020-03-06 12:55:00+09:00,56300.0,56300.0,56400.0,56300.0,56400.0,55346
2020-03-06 13:00:00+09:00,56300.0,56300.0,56400.0,56300.0,56400.0,169381
2020-03-06 13:05:00+09:00,56400.0,56400.0,56400.0,56200.0,56400.0,337449
2020-03-06 13:10:00+09:00,56400.0,56400.0,56400.0,56300.0,56300.0,58148
2020-03-06 13:15:00+09:00,56300.0,56300.0,56400.0,56300.0,56300.0,72328
2020-03-06 13:20:00+09:00,56400.0,56400.0,56400.0,56300.0,56400.0,80231
2020-03-06 13:25:00+09:00,56400.0,56400.0,56400.0,56300.0,56400.0,57507
2020-03-06 13:30:00+09:00,56400.0,56400.0,56400.0,56300.0,56400.0,55544
2020-03-06 13:35:00+09:00,56400.0,56400.0,56400.0,56300.0,56300.0,138732
2020-03-06 13:40:00+09:00,56300.0,56300.0,56400.0,56300.0,56400.0,82154
2020-03-06 13:45:00+09:00,56500.0,56500.0,56600.0,56300.0,56400.0,355966
2020-03-06 13:50:00+09:00,56500.0,56500.0,56600.0,56400.0,56600.0,108597
2020-03-06 13:55:00+09:00,56400.0,56400.0,56500.0,56300.0,56500.0,228047
2020-03-06 14:00:00+09:00,56500.0,56500.0,56500.0,56300.0,56400.0,103582
2020-03-06 14:05:00+09:00,56400.0,56400.0,56600.0,56400.0,56500.0,279792
2020-03-06 14:10:00+09:00,56600.0,56600.0,56600.0,56400.0,56500.0,140795
2020-03-06 14:15:00+09:00,56500.0,56500.0,56600.0,56400.0,56600.0,98562
2020-03-06 14:20:00+09:00,56700.0,56700.0,56700.0,56500.0,56600.0,173600
2020-03-06 14:25:00+09:00,56500.0,56500.0,56700.0,56400.0,56700.0,330893
2020-03-06 14:30:00+09:00,56400.0,56400.0,56600.0,56400.0,56400.0,173159
2020-03-06 14:35:00+09:00,56500.0,56500.0,56500.0,56400.0,56400.0,65993
2020-03-06 14:40:00+09:00,56500.0,56500.0,56500.0,56400.0,56500.0,83512
2020-03-06 14:45:00+09:00,56500.0,56500.0,56500.0,56400.0,56500.0,114038
2020-03-06 14:50:00+09:00,56400.0,56400.0,56500.0,56300.0,56400.0,544329
2020-03-06 14:55:00+09:00,56400.0,56400.0,56500.0,56300.0,56500.0,222692
2020-03-09 09:00:00+09:00,54900.0,54900.0,54900.0,54400.0,54700.0,0
2020-03-09 09:05:00+09:00,54800.0,54800.0,54900.0,54700.0,54900.0,751322
2020-03-09 09:10:00+09:00,54800.0,54800.0,54800.0,54600.0,54800.0,683446
2020-03-09 09:15:00+09:00,54900.0,54900.0,55000.0,54700.0,54800.0,815632
2020-03-09 09:20:00+09:00,55000.0,55000.0,55000.0,54800.0,54900.0,349978
2020-03-09 09:25:00+09:00,54900.0,54900.0,55000.0,54700.0,55000.0,615258
2020-03-09 09:30:00+09:00,54800.0,54800.0,54900.0,54700.0,54900.0,179919
2020-03-09 09:35:00+09:00,54800.0,54800.0,54900.0,54700.0,54800.0,449846
2020-03-09 09:40:00+09:00,54900.0,54900.0,54900.0,54700.0,54800.0,307789
2020-03-09 09:45:00+09:00,54800.0,54800.0,54900.0,54700.0,54800.0,228264
2020-03-09 09:50:00+09:00,54800.0,54800.0,54900.0,54700.0,54700.0,361702
2020-03-09 09:55:00+09:00,54700.0,54700.0,54800.0,54700.0,54800.0,276430
2020-03-09 10:00:00+09:00,54500.0,54500.0,54800.0,54400.0,54700.0,1508971
2020-03-09 10:05:00+09:00,54600.0,54600.0,54600.0,54500.0,54500.0,162085
2020-03-09 10:10:00+09:00,54300.0,54300.0,54600.0,54200.0,54600.0,885400
2020-03-09 10:15:00+09:00,54300.0,54300.0,54300.0,54100.0,54300.0,603249
2020-03-09 10:20:00+09:00,54300.0,54300.0,54400.0,54200.0,54300.0,386292
2020-03-09 10:25:00+09:00,54400.0,54400.0,54400.0,54200.0,54200.0,221749
2020-03-09 10:30:00+09:00,54300.0,54300.0,54400.0,54300.0,54400.0,207250
2020-03-09 10:35:00+09:00,54300.0,54300.0,54400.0,54200.0,54400.0,489329
2020-03-09 10:40:00+09:00,54200.0,54200.0,54300.0,54100.0,54200.0,437392
2020-03-09 10:45:00+09:00,54000.0,54000.0,54200.0,54000.0,54200.0,630523
2020-03-09 10:50:00+09:00,54000.0,54000.0,54100.0,53900.0,54000.0,1063495
2020-03-09 10:55:00+09:00,54000.0,54000.0,54000.0,53800.0,54000.0,537311
2020-03-09 11:00:00+09:00,53900.0,53900.0,54000.0,53800.0,53900.0,486083
2020-03-09 11:05:00+09:00,54000.0,54000.0,54000.0,53800.0,53900.0,421144
2020-03-09 11:10:00+09:00,54000.0,54000.0,54000.0,53900.0,54000.0,206655
2020-03-09 11:15:00+09:00,53800.0,53800.0,54000.0,53800.0,54000.0,449696
2020-03-09 11:20:00+09:00,54000.0,54000.0,54000.0,53900.0,53900.0,273573
2020-03-09 11:25:00+09:00,54000.0,54000.0,54000.0,53900.0,53900.0,213164
2020-03-09 11:30:00+09:00,53900.0,53900.0,54000.0,53800.0,53900.0,498589
2020-03-09 11:35:00+09:00,53800.0,53800.0,53900.0,53700.0,53800.0,576565
2020-03-09 11:40:00+09:00,53700.0,53700.0,53800.0,53600.0,53700.0,427404
2020-03-09 11:45:00+09:00,53700.0,53700.0,53800.0,53600.0,53700.0,390847
2020-03-09 11:50:00+09:00,53800.0,53800.0,53900.0,53600.0,53700.0,277237
2020-03-09 11:55:00+09:00,53800.0,53800.0,53900.0,53700.0,53800.0,275712
2020-03-09 12:00:00+09:00,54000.0,54000.0,54000.0,53700.0,53700.0,220022
2020-03-09 12:05:00+09:00,54100.0,54100.0,54100.0,53900.0,54000.0,228674
2020-03-09 12:10:00+09:00,54300.0,54300.0,54300.0,54000.0,54100.0,316714
2020-03-09 12:15:00+09:00,54400.0,54400.0,54400.0,54200.0,54300.0,275157
2020-03-09 12:20:00+09:00,54400.0,54400.0,54500.0,54300.0,54400.0,260799
2020-03-09 12:25:00+09:00,54300.0,54300.0,54400.0,54100.0,54300.0,366520
2020-03-09 12:30:00+09:00,54300.0,54300.0,54300.0,54200.0,54300.0,115826
2020-03-09 12:35:00+09:00,54300.0,54300.0,54300.0,54200.0,54300.0,113188
2020-03-09 12:40:00+09:00,54300.0,54300.0,54300.0,54100.0,54200.0,299682
2020-03-09 12:45:00+09:00,54300.0,54300.0,54300.0,54100.0,54300.0,168972
2020-03-09 12:50:00+09:00,54400.0,54400.0,54400.0,54200.0,54200.0,154618
2020-03-09 12:55:00+09:00,54400.0,54400.0,54400.0,54200.0,54400.0,324498
2020-03-09 13:00:00+09:00,54400.0,54400.0,54400.0,54300.0,54400.0,105031
2020-03-09 13:05:00+09:00,54400.0,54400.0,54400.0,54300.0,54400.0,136915
2020-03-09 13:10:00+09:00,54200.0,54200.0,54400.0,54200.0,54400.0,264445
2020-03-09 13:15:00+09:00,54300.0,54300.0,54300.0,54200.0,54300.0,118841
2020-03-09 13:20:00+09:00,54400.0,54400.0,54400.0,54200.0,54200.0,180974
2020-03-09 13:25:00+09:00,54400.0,54400.0,54400.0,54300.0,54300.0,114623
2020-03-09 13:30:00+09:00,54200.0,54200.0,54400.0,54100.0,54400.0,471258
2020-03-09 13:35:00+09:00,54100.0,54100.0,54200.0,54100.0,54200.0,116132
2020-03-09 13:40:00+09:00,54100.0,54100.0,54200.0,54000.0,54100.0,313496
2020-03-09 13:45:00+09:00,54200.0,54200.0,54200.0,54000.0,54100.0,154858
2020-03-09 13:50:00+09:00,54200.0,54200.0,54200.0,54100.0,54200.0,151573
2020-03-09 13:55:00+09:00,54200.0,54200.0,54300.0,54100.0,54200.0,211880
2020-03-09 14:00:00+09:00,54100.0,54100.0,54200.0,54000.0,54200.0,296710
2020-03-09 14:05:00+09:00,54100.0,54100.0,54200.0,54000.0,54100.0,253327
2020-03-09 14:10:00+09:00,54000.0,54000.0,54100.0,54000.0,54100.0,161402
2020-03-09 14:15:00+09:00,54100.0,54100.0,54100.0,54000.0,54100.0,169020
2020-03-09 14:20:00+09:00,54000.0,54000.0,54100.0,53900.0,54000.0,703099
2020-03-09 14:25:00+09:00,54100.0,54100.0,54100.0,54000.0,54000.0,164806
2020-03-09 14:30:00+09:00,54100.0,54100.0,54100.0,54000.0,54100.0,197881
2020-03-09 14:35:00+09:00,54200.0,54200.0,54200.0,54000.0,54100.0,202135
2020-03-09 14:40:00+09:00,54200.0,54200.0,54300.0,54100.0,54200.0,366360
2020-03-09 14:45:00+09:00,54100.0,54100.0,54300.0,54100.0,54100.0,222927
2020-03-09 14:50:00+09:00,54300.0,54300.0,54300.0,54100.0,54200.0,215419
2020-03-09 14:55:00+09:00,54300.0,54300.0,54300.0,54200.0,54300.0,217012
2020-03-10 09:00:00+09:00,54600.0,54600.0,54800.0,53700.0,53800.0,0
2020-03-10 09:05:00+09:00,53900.0,53900.0,54600.0,53900.0,54600.0,1156916
2020-03-10 09:10:00+09:00,54100.0,54100.0,54100.0,53700.0,54000.0,1194933
2020-03-10 09:15:00+09:00,54100.0,54100.0,54200.0,54000.0,54100.0,660887
2020-03-10 09:20:00+09:00,54200.0,54200.0,54400.0,54100.0,54100.0,750142
2020-03-10 09:25:00+09:00,54100.0,54100.0,54400.0,54000.0,54200.0,579571
2020-03-10 09:30:00+09:00,53900.0,53900.0,54100.0,53800.0,54100.0,530050
2020-03-10 09:35:00+09:00,54000.0,54000.0,54100.0,53900.0,53900.0,272120
2020-03-10 09:40:00+09:00,54000.0,54000.0,54100.0,53900.0,54000.0,293539
2020-03-10 09:45:00+09:00,54300.0,54300.0,54400.0,54000.0,54100.0,586787
2020-03-10 09:50:00+09:00,54500.0,54500.0,54600.0,54300.0,54300.0,781740
2020-03-10 09:55:00+09:00,54400.0,54400.0,54500.0,54300.0,54500.0,698495
2020-03-10 10:00:00+09:00,54500.0,54500.0,54500.0,54300.0,54400.0,530266
2020-03-10 10:05:00+09:00,54500.0,54500.0,54600.0,54400.0,54400.0,554229
2020-03-10 10:10:00+09:00,54400.0,54400.0,54500.0,54300.0,54500.0,335382
2020-03-10 10:15:00+09:00,54400.0,54400.0,54500.0,54300.0,54400.0,307671
2020-03-10 10:20:00+09:00,54600.0,54600.0,54600.0,54300.0,54400.0,528657
2020-03-10 10:25:00+09:00,54700.0,54700.0,54700.0,54500.0,54600.0,425329
2020-03-10 10:30:00+09:00,54700.0,54700.0,54800.0,54500.0,54700.0,581567
2020-03-10 10:35:00+09:00,54600.0,54600.0,54700.0,54500.0,54700.0,471394
2020-03-10 10:40:00+09:00,54500.0,54500.0,54600.0,54400.0,54600.0,318438
2020-03-10 10:45:00+09:00,54400.0,54400.0,54600.0,54300.0,54600.0,395973
2020-03-10 10:50:00+09:00,54300.0,54300.0,54500.0,54200.0,54300.0,388706
2020-03-10 10:55:00+09:00,54300.0,54300.0,54300.0,54100.0,54300.0,553800
2020-03-10 11:00:00+09:00,54200.0,54200.0,54300.0,54100.0,54300.0,256619
2020-03-10 11:05:00+09:00,54200.0,54200.0,54200.0,54100.0,54100.0,156114
2020-03-10 11:10:00+09:00,54100.0,54100.0,54200.0,54000.0,54200.0,362675
2020-03-10 11:15:00+09:00,54100.0,54100.0,54100.0,54000.0,54100.0,124921
2020-03-10 11:20:00+09:00,54200.0,54200.0,54300.0,54000.0,54100.0,490545
2020-03-10 11:25:00+09:00,54200.0,54200.0,54200.0,54100.0,54200.0,138537
2020-03-10 11:30:00+09:00,54200.0,54200.0,54200.0,54000.0,54100.0,233328
2020-03-10 11:35:00+09:00,54000.0,54000.0,54200.0,54000.0,54200.0,141183
2020-03-10 11:40:00+09:00,54000.0,54000.0,54100.0,54000.0,54100.0,320918
2020-03-10 11:45:00+09:00,54000.0,54000.0,54100.0,53900.0,54100.0,313912
2020-03-10 11:50:00+09:00,54100.0,54100.0,54100.0,53900.0,54000.0,375948
2020-03-10 11:55:00+09:00,54200.0,54200.0,54200.0,54000.0,54000.0,209045
2020-03-10 12:00:00+09:00,54200.0,54200.0,54200.0,54000.0,54200.0,103022
2020-03-10 12:05:00+09:00,54200.0,54200.0,54200.0,54000.0,54100.0,157101
2020-03-10 12:10:00+09:00,54200.0,54200.0,54200.0,54000.0,54200.0,172798
2020-03-10 12:15:00+09:00,54300.0,54300.0,54300.0,54100.0,54200.0,126418
2020-03-10 12:20:00+09:00,54300.0,54300.0,54400.0,54200.0,54300.0,272423
2020-03-10 12:25:00+09:00,54300.0,54300.0,54400.0,54200.0,54300.0,111967
2020-03-10 12:30:00+09:00,54300.0,54300.0,54400.0,54200.0,54400.0,203557
2020-03-10 12:35:00+09:00,54500.0,54500.0,54500.0,54200.0,54300.0,168884
2020-03-10 12:40:00+09:00,54500.0,54500.0,54600.0,54400.0,54500.0,221903
2020-03-10 12:45:00+09:00,54600.0,54600.0,54600.0,54500.0,54600.0,216929
2020-03-10 12:50:00+09:00,54500.0,54500.0,54600.0,54400.0,54500.0,263957
2020-03-10 12:55:00+09:00,54500.0,54500.0,54500.0,54300.0,54500.0,222450
2020-03-10 13:00:00+09:00,54400.0,54400.0,54500.0,54300.0,54500.0,294755
2020-03-10 13:05:00+09:00,54400.0,54400.0,54500.0,54300.0,54400.0,166848
2020-03-10 13:10:00+09:00,54300.0,54300.0,54400.0,54300.0,54300.0,78928
2020-03-10 13:15:00+09:00,54400.0,54400.0,54500.0,54300.0,54400.0,236169
2020-03-10 13:20:00+09:00,54400.0,54400.0,54500.0,54300.0,54400.0,179401
2020-03-10 13:25:00+09:00,54500.0,54500.0,54500.0,54300.0,54400.0,141535
2020-03-10 13:30:00+09:00,54400.0,54400.0,54500.0,54300.0,54400.0,231562
2020-03-10 13:35:00+09:00,54400.0,54400.0,54400.0,54300.0,54400.0,137782
2020-03-10 13:40:00+09:00,54300.0,54300.0,54400.0,54300.0,54400.0,70926
2020-03-10 13:45:00+09:00,54300.0,54300.0,54500.0,54300.0,54300.0,278584
2020-03-10 13:50:00+09:00,54500.0,54500.0,54500.0,54300.0,54300.0,168024
2020-03-10 13:55:00+09:00,54300.0,54300.0,54500.0,54300.0,54500.0,196717
2020-03-10 14:00:00+09:00,54500.0,54500.0,54500.0,54300.0,54300.0,134010
2020-03-10 14:05:00+09:00,54500.0,54500.0,54500.0,54400.0,54400.0,97580
2020-03-10 14:10:00+09:00,54600.0,54600.0,54600.0,54400.0,54400.0,273036
2020-03-10 14:15:00+09:00,54600.0,54600.0,54700.0,54500.0,54600.0,357522
2020-03-10 14:20:00+09:00,54600.0,54600.0,54700.0,54500.0,54700.0,309090
2020-03-10 14:25:00+09:00,54700.0,54700.0,54700.0,54500.0,54700.0,211989
2020-03-10 14:30:00+09:00,54800.0,54800.0,54900.0,54600.0,54700.0,639994
2020-03-10 14:35:00+09:00,54900.0,54900.0,54900.0,54700.0,54800.0,401687
2020-03-10 14:40:00+09:00,54700.0,54700.0,54900.0,54700.0,54800.0,194452
2020-03-10 14:45:00+09:00,54700.0,54700.0,54800.0,54600.0,54800.0,332621
2020-03-10 14:50:00+09:00,54700.0,54700.0,54800.0,54600.0,54700.0,310772
2020-03-10 14:55:00+09:00,54800.0,54800.0,54800.0,54600.0,54600.0,240045
2020-03-11 09:00:00+09:00,54300.0,54300.0,54400.0,53800.0,54300.0,0
2020-03-11 09:05:00+09:00,54000.0,54000.0,54300.0,53900.0,54300.0,1002042
2020-03-11 09:10:00+09:00,54200.0,54200.0,54300.0,53900.0,54000.0,759939
2020-03-11 09:15:00+09:00,54200.0,54200.0,54300.0,54000.0,54300.0,742229
2020-03-11 09:20:00+09:00,53900.0,53900.0,54200.0,53900.0,54200.0,920696
2020-03-11 09:25:00+09:00,54000.0,54000.0,54000.0,53800.0,53900.0,353693
2020-03-11 09:30:00+09:00,53700.0,53700.0,54000.0,53600.0,53900.0,1033756
2020-03-11 09:35:00+09:00,53800.0,53800.0,53800.0,53600.0,53600.0,491023
2020-03-11 09:40:00+09:00,53500.0,53500.0,53800.0,53500.0,53800.0,666030
2020-03-11 09:45:00+09:00,53500.0,53500.0,53700.0,53500.0,53600.0,486923
2020-03-11 09:50:00+09:00,53400.0,53400.0,53600.0,53300.0,53500.0,754511
2020-03-11 09:55:00+09:00,53700.0,53700.0,53700.0,53400.0,53500.0,656408
2020-03-11 10:00:00+09:00,53600.0,53600.0,53800.0,53600.0,53600.0,372473
2020-03-11 10:05:00+09:00,53900.0,53900.0,53900.0,53600.0,53700.0,266324
2020-03-11 10:10:00+09:00,53700.0,53700.0,53900.0,53600.0,53900.0,419854
2020-03-11 10:15:00+09:00,53600.0,53600.0,53700.0,53500.0,53700.0,234896
2020-03-11 10:20:00+09:00,53500.0,53500.0,53600.0,53400.0,53600.0,421859
2020-03-11 10:25:00+09:00,53300.0,53300.0,53500.0,53300.0,53500.0,620412
2020-03-11 10:30:00+09:00,53300.0,53300.0,53400.0,53200.0,53300.0,710024
2020-03-11 10:35:00+09:00,53100.0,53100.0,53400.0,53100.0,53300.0,383486
2020-03-11 10:40:00+09:00,53000.0,53000.0,53300.0,52900.0,53200.0,1347557
2020-03-11 10:45:00+09:00,53100.0,53100.0,53100.0,52900.0,53000.0,428639
2020-03-11 10:50:00+09:00,53000.0,53000.0,53200.0,53000.0,53100.0,284389
2020-03-11 10:55:00+09:00,53000.0,53000.0,53100.0,52900.0,53000.0,486542
2020-03-11 11:00:00+09:00,52800.0,52800.0,53000.0,52700.0,53000.0,760558
2020-03-11 11:05:00+09:00,52800.0,52800.0,52900.0,52700.0,52900.0,212767
2020-03-11 11:10:00+09:00,52800.0,52800.0,52800.0,52600.0,52800.0,533914
2020-03-11 11:15:00+09:00,52700.0,52700.0,52800.0,52600.0,52800.0,396682
2020-03-11 11:20:00+09:00,52900.0,52900.0,52900.0,52700.0,52700.0,252777
2020-03-11 11:25:00+09:00,53000.0,53000.0,53100.0,52800.0,52900.0,433774
2020-03-11 11:30:00+09:00,52800.0,52800.0,53100.0,52800.0,53000.0,334491
2020-03-11 11:35:00+09:00,53000.0,53000.0,53000.0,52800.0,52800.0,213325
2020-03-11 11:40:00+09:00,52900.0,52900.0,53000.0,52800.0,52900.0,341754
2020-03-11 11:45:00+09:00,52700.0,52700.0,52900.0,52700.0,52900.0,241003
2020-03-11 11:50:00+09:00,52900.0,52900.0,52900.0,52700.0,52800.0,218210
2020-03-11 11:55:00+09:00,52800.0,52800.0,52900.0,52700.0,52900.0,296630
2020-03-11 12:00:00+09:00,52800.0,52800.0,52800.0,52700.0,52800.0,157645
2020-03-11 12:05:00+09:00,52800.0,52800.0,52900.0,52700.0,52800.0,389026
2020-03-11 12:10:00+09:00,52800.0,52800.0,52900.0,52700.0,52800.0,191659
2020-03-11 12:15:00+09:00,52900.0,52900.0,53000.0,52800.0,52800.0,105927
2020-03-11 12:20:00+09:00,52900.0,52900.0,52900.0,52800.0,52900.0,74885
2020-03-11 12:25:00+09:00,52800.0,52800.0,53000.0,52800.0,52900.0,258342
2020-03-11 12:30:00+09:00,52800.0,52800.0,52900.0,52700.0,52900.0,243210
2020-03-11 12:35:00+09:00,52800.0,52800.0,52800.0,52700.0,52800.0,63960
2020-03-11 12:40:00+09:00,52700.0,52700.0,52800.0,52600.0,52700.0,530469
2020-03-11 12:45:00+09:00,52700.0,52700.0,52800.0,52700.0,52800.0,112936
2020-03-11 12:50:00+09:00,52900.0,52900.0,52900.0,52700.0,52700.0,231113
2020-03-11 12:55:00+09:00,52800.0,52800.0,52900.0,52800.0,52900.0,176219
2020-03-11 13:00:00+09:00,52800.0,52800.0,52900.0,52700.0,52900.0,270995
2020-03-11 13:05:00+09:00,52700.0,52700.0,52800.0,52700.0,52700.0,78082
2020-03-11 13:10:00+09:00,52800.0,52800.0,52800.0,52700.0,52700.0,96350
2020-03-11 13:15:00+09:00,52800.0,52800.0,52800.0,52700.0,52800.0,112767
2020-03-11 13:20:00+09:00,52800.0,52800.0,52900.0,52700.0,52800.0,338787
2020-03-11 13:25:00+09:00,52700.0,52700.0,52800.0,52600.0,52800.0,384126
2020-03-11 13:30:00+09:00,52600.0,52600.0,52700.0,52600.0,52600.0,137570
2020-03-11 13:35:00+09:00,52700.0,52700.0,52800.0,52600.0,52600.0,375133
2020-03-11 13:40:00+09:00,52600.0,52600.0,52700.0,52600.0,52700.0,197734
2020-03-11 13:45:00+09:00,52600.0,52600.0,52700.0,52500.0,52600.0,436725
2020-03-11 13:50:00+09:00,52500.0,52500.0,52600.0,52400.0,52600.0,937844
2020-03-11 13:55:00+09:00,52500.0,52500.0,52500.0,52400.0,52500.0,328180
2020-03-11 14:00:00+09:00,52300.0,52300.0,52500.0,52200.0,52500.0,721780
2020-03-11 14:05:00+09:00,52200.0,52200.0,52400.0,52100.0,52300.0,424432
2020-03-11 14:10:00+09:00,52200.0,52200.0,52300.0,52100.0,52200.0,263703
2020-03-11 14:15:00+09:00,52400.0,52400.0,52400.0,52100.0,52200.0,292863
2020-03-11 14:20:00+09:00,52100.0,52100.0,52400.0,52100.0,52300.0,378140
2020-03-11 14:25:00+09:00,52200.0,52200.0,52200.0,52100.0,52200.0,224219
2020-03-11 14:30:00+09:00,52000.0,52000.0,52200.0,52000.0,52100.0,665015
2020-03-11 14:35:00+09:00,52100.0,52100.0,52100.0,52000.0,52000.0,263625
2020-03-11 14:40:00+09:00,52100.0,52100.0,52200.0,52000.0,52100.0,770309
2020-03-11 14:45:00+09:00,52100.0,52100.0,52200.0,52000.0,52200.0,424803
2020-03-11 14:50:00+09:00,52200.0,52200.0,52200.0,52000.0,52100.0,266654
2020-03-11 14:55:00+09:00,52300.0,52300.0,52400.0,52100.0,52200.0,594044
2020-03-12 09:00:00+09:00,51200.0,51200.0,51400.0,50900.0,51000.0,0
2020-03-12 09:05:00+09:00,51300.0,51300.0,51300.0,51000.0,51100.0,765996
2020-03-12 09:10:00+09:00,51700.0,51700.0,51800.0,51200.0,51200.0,1038353
2020-03-12 09:15:00+09:00,51300.0,51300.0,51900.0,51200.0,51800.0,944790
2020-03-12 09:20:00+09:00,51200.0,51200.0,51500.0,51100.0,51400.0,583729
2020-03-12 09:25:00+09:00,51200.0,51200.0,51300.0,51000.0,51200.0,565812
2020-03-12 09:30:00+09:00,51100.0,51100.0,51300.0,51000.0,51300.0,347115
2020-03-12 09:35:00+09:00,51300.0,51300.0,51400.0,51100.0,51100.0,496831
2020-03-12 09:40:00+09:00,51400.0,51400.0,51400.0,51200.0,51300.0,217582
2020-03-12 09:45:00+09:00,51400.0,51400.0,51400.0,51200.0,51400.0,205838
2020-03-12 09:50:00+09:00,51500.0,51500.0,51500.0,51200.0,51300.0,304138
2020-03-12 09:55:00+09:00,51400.0,51400.0,51600.0,51400.0,51500.0,344287
2020-03-12 10:00:00+09:00,51200.0,51200.0,51600.0,51100.0,51500.0,481466
2020-03-12 10:05:00+09:00,51200.0,51200.0,51300.0,51000.0,51200.0,721974
2020-03-12 10:10:00+09:00,50700.0,50700.0,51200.0,50600.0,51200.0,1093522
2020-03-12 10:15:00+09:00,50400.0,50400.0,50800.0,50300.0,50700.0,1027800
2020-03-12 10:20:00+09:00,50300.0,50300.0,50500.0,50200.0,50400.0,844924
2020-03-12 10:25:00+09:00,49900.0,49900.0,50300.0,49900.0,50200.0,1474284
2020-03-12 10:30:00+09:00,50200.0,50200.0,50500.0,49300.0,49900.0,2170111
2020-03-12 10:35:00+09:00,50200.0,50200.0,50500.0,49800.0,50200.0,851285
2020-03-12 10:40:00+09:00,50300.0,50300.0,50400.0,50100.0,50200.0,487717
2020-03-12 10:45:00+09:00,50100.0,50100.0,50300.0,50000.0,50300.0,531562
2020-03-12 10:50:00+09:00,50200.0,50200.0,50300.0,50000.0,50100.0,551040
2020-03-12 10:55:00+09:00,49750.0,49750.0,50200.0,49600.0,50100.0,1077461
2020-03-12 11:00:00+09:00,49550.0,49550.0,49750.0,49500.0,49750.0,858421
2020-03-12 11:05:00+09:00,49900.0,49900.0,49900.0,49500.0,49550.0,511477
2020-03-12 11:10:00+09:00,50000.0,50000.0,50200.0,49900.0,49900.0,740955
2020-03-12 11:15:00+09:00,50100.0,50100.0,50200.0,49950.0,50000.0,426854
2020-03-12 11:20:00+09:00,50100.0,50100.0,50200.0,49950.0,50200.0,599770
2020-03-12 11:25:00+09:00,50000.0,50000.0,50200.0,50000.0,50100.0,386382
2020-03-12 11:30:00+09:00,50100.0,50100.0,50200.0,50000.0,50000.0,323962
2020-03-12 11:35:00+09:00,50300.0,50300.0,50400.0,50100.0,50200.0,353992
2020-03-12 11:40:00+09:00,50400.0,50400.0,50400.0,50200.0,50300.0,218650
2020-03-12 11:45:00+09:00,50000.0,50000.0,50400.0,50000.0,50400.0,527939
2020-03-12 11:50:00+09:00,50000.0,50000.0,50100.0,50000.0,50100.0,130472
2020-03-12 11:55:00+09:00,50000.0,50000.0,50100.0,50000.0,50000.0,134301
2020-03-12 12:00:00+09:00,50200.0,50200.0,50200.0,50000.0,50100.0,215580
2020-03-12 12:05:00+09:00,50200.0,50200.0,50200.0,50000.0,50200.0,92445
2020-03-12 12:10:00+09:00,50300.0,50300.0,50300.0,50100.0,50200.0,264142
2020-03-12 12:15:00+09:00,50100.0,50100.0,50300.0,50100.0,50300.0,250178
2020-03-12 12:20:00+09:00,50200.0,50200.0,50200.0,50100.0,50200.0,141431
2020-03-12 12:25:00+09:00,50100.0,50100.0,50200.0,50100.0,50200.0,121613
2020-03-12 12:30:00+09:00,50100.0,50100.0,50200.0,50000.0,50200.0,318432
2020-03-12 12:35:00+09:00,50200.0,50200.0,50200.0,50000.0,50000.0,185625
2020-03-12 12:40:00+09:00,50100.0,50100.0,50200.0,50000.0,50100.0,326611
2020-03-12 12:45:00+09:00,50000.0,50000.0,50100.0,49900.0,50100.0,783098
2020-03-12 12:50:00+09:00,50000.0,50000.0,50100.0,49950.0,50100.0,267798
2020-03-12 12:55:00+09:00,49900.0,49900.0,50100.0,49900.0,50000.0,252237
2020-03-12 13:00:00+09:00,49900.0,49900.0,49950.0,49850.0,49950.0,461595
2020-03-12 13:05:00+09:00,50100.0,50100.0,50100.0,49900.0,49950.0,246916
2020-03-12 13:10:00+09:00,50400.0,50400.0,50400.0,50000.0,50100.0,509335
2020-03-12 13:15:00+09:00,50300.0,50300.0,50500.0,50200.0,50400.0,337770
2020-03-12 13:20:00+09:00,50500.0,50500.0,50800.0,50200.0,50300.0,641511
2020-03-12 13:25:00+09:00,50600.0,50600.0,51000.0,50500.0,50500.0,713196
2020-03-12 13:30:00+09:00,51000.0,51000.0,51000.0,50500.0,50500.0,306279
2020-03-12 13:35:00+09:00,51100.0,51100.0,51300.0,50900.0,51000.0,910310
2020-03-12 13:40:00+09:00,51200.0,51200.0,51400.0,51000.0,51200.0,501076
2020-03-12 13:45:00+09:00,51300.0,51300.0,51300.0,51000.0,51300.0,373866
2020-03-12 13:50:00+09:00,51000.0,51000.0,51300.0,50800.0,51300.0,574158
2020-03-12 13:55:00+09:00,51200.0,51200.0,51300.0,51000.0,51100.0,316615
2020-03-12 14:00:00+09:00,51500.0,51500.0,51500.0,51100.0,51200.0,607615
2020-03-12 14:05:00+09:00,51300.0,51300.0,51500.0,51100.0,51400.0,418467
2020-03-12 14:10:00+09:00,51300.0,51300.0,51500.0,51100.0,51200.0,404479
2020-03-12 14:15:00+09:00,51100.0,51100.0,51300.0,50900.0,51200.0,565852
2020-03-12 14:20:00+09:00,51000.0,51000.0,51200.0,50800.0,51100.0,361392
2020-03-12 14:25:00+09:00,50800.0,50800.0,51200.0,50700.0,51000.0,357051
2020-03-12 14:30:00+09:00,50900.0,50900.0,51100.0,50700.0,50800.0,240618
2020-03-12 14:35:00+09:00,51100.0,51100.0,51200.0,50900.0,50900.0,338827
2020-03-12 14:40:00+09:00,50700.0,50700.0,51200.0,50700.0,51000.0,349924
2020-03-12 14:45:00+09:00,50600.0,50600.0,51000.0,50500.0,50800.0,501577
2020-03-12 14:50:00+09:00,50700.0,50700.0,50900.0,50400.0,50500.0,544537
2020-03-12 14:55:00+09:00,50500.0,50500.0,50800.0,50500.0,50800.0,258989
2020-03-13 09:00:00+09:00,47300.0,47300.0,47800.0,46850.0,47450.0,0
2020-03-13 09:05:00+09:00,47600.0,47600.0,47700.0,47250.0,47350.0,1591858
2020-03-13 09:10:00+09:00,47750.0,47750.0,47900.0,47500.0,47600.0,1267221
2020-03-13 09:15:00+09:00,48100.0,48100.0,48300.0,47650.0,47800.0,1201921
2020-03-13 09:20:00+09:00,48450.0,48450.0,48500.0,48000.0,48100.0,1306031
2020-03-13 09:25:00+09:00,47850.0,47850.0,48450.0,47700.0,48400.0,1418789
2020-03-13 09:30:00+09:00,47800.0,47800.0,48050.0,47700.0,47850.0,862097
2020-03-13 09:35:00+09:00,47750.0,47750.0,47900.0,47500.0,47800.0,1256595
2020-03-13 09:40:00+09:00,48000.0,48000.0,48000.0,47700.0,47750.0,491975
2020-03-13 09:45:00+09:00,48050.0,48050.0,48250.0,47950.0,47950.0,859500
2020-03-13 09:50:00+09:00,48150.0,48150.0,48150.0,48000.0,48100.0,345956
2020-03-13 09:55:00+09:00,48150.0,48150.0,48250.0,48100.0,48100.0,471891
2020-03-13 10:00:00+09:00,47900.0,47900.0,48150.0,47900.0,48100.0,807160
2020-03-13 10:05:00+09:00,48050.0,48050.0,48100.0,47900.0,47950.0,321759
2020-03-13 10:10:00+09:00,47900.0,47900.0,48050.0,47800.0,48050.0,529678
2020-03-13 10:15:00+09:00,47600.0,47600.0,47900.0,47600.0,47900.0,722229
2020-03-13 10:20:00+09:00,47750.0,47750.0,47850.0,47550.0,47600.0,464180
2020-03-13 10:25:00+09:00,47600.0,47600.0,47750.0,47550.0,47750.0,569113
2020-03-13 10:30:00+09:00,47850.0,47850.0,47900.0,47550.0,47550.0,470696
2020-03-13 10:35:00+09:00,47700.0,47700.0,47850.0,47600.0,47850.0,350161
2020-03-13 10:40:00+09:00,47500.0,47500.0,47700.0,47500.0,47650.0,454873
2020-03-13 11:10:00+09:00,47750.0,47750.0,47750.0,47500.0,47500.0,1137311
2020-03-13 11:15:00+09:00,47900.0,47900.0,47900.0,47600.0,47750.0,850564
2020-03-13 11:20:00+09:00,47950.0,47950.0,48050.0,47800.0,47900.0,859344
2020-03-13 11:25:00+09:00,48150.0,48150.0,48150.0,47950.0,47950.0,946309
2020-03-13 11:30:00+09:00,48250.0,48250.0,48250.0,48000.0,48150.0,604093
2020-03-13 11:35:00+09:00,48150.0,48150.0,48250.0,48100.0,48250.0,423343
2020-03-13 11:40:00+09:00,48000.0,48000.0,48150.0,47950.0,48150.0,451785
2020-03-13 11:45:00+09:00,48050.0,48050.0,48100.0,47900.0,48000.0,272049
2020-03-13 11:50:00+09:00,48000.0,48000.0,48150.0,47950.0,48100.0,366852
2020-03-13 11:55:00+09:00,48000.0,48000.0,48100.0,47900.0,48000.0,234812
2020-03-13 12:00:00+09:00,48100.0,48100.0,48100.0,48000.0,48050.0,180442
2020-03-13 12:05:00+09:00,47950.0,47950.0,48100.0,47800.0,48050.0,632827
2020-03-13 12:10:00+09:00,48000.0,48000.0,48050.0,47900.0,47950.0,221714
2020-03-13 12:15:00+09:00,47900.0,47900.0,48000.0,47900.0,48000.0,406300
2020-03-13 12:20:00+09:00,47800.0,47800.0,47900.0,47750.0,47900.0,358355
2020-03-13 12:25:00+09:00,47700.0,47700.0,47800.0,47650.0,47750.0,350315
2020-03-13 12:30:00+09:00,47800.0,47800.0,47800.0,47700.0,47750.0,273526
2020-03-13 12:35:00+09:00,47900.0,47900.0,48000.0,47750.0,47750.0,379934
2020-03-13 12:40:00+09:00,47900.0,47900.0,47950.0,47800.0,47950.0,227890
2020-03-13 12:45:00+09:00,47900.0,47900.0,47950.0,47850.0,47900.0,272730
2020-03-13 12:50:00+09:00,47800.0,47800.0,47900.0,47800.0,47900.0,197238
2020-03-13 12:55:00+09:00,47850.0,47850.0,47850.0,47750.0,47800.0,400640
2020-03-13 13:00:00+09:00,47900.0,47900.0,47950.0,47800.0,47850.0,386714
2020-03-13 13:05:00+09:00,47900.0,47900.0,47950.0,47850.0,47900.0,280635
2020-03-13 13:10:00+09:00,47850.0,47850.0,47900.0,47800.0,47900.0,295697
2020-03-13 13:15:00+09:00,48000.0,48000.0,48000.0,47800.0,47850.0,403209
2020-03-13 13:20:00+09:00,48200.0,48200.0,48250.0,47950.0,48000.0,980144
2020-03-13 13:25:00+09:00,48350.0,48350.0,48350.0,48150.0,48200.0,637952
2020-03-13 13:30:00+09:00,48650.0,48650.0,48650.0,48250.0,48300.0,773189
2020-03-13 13:35:00+09:00,48650.0,48650.0,48750.0,48500.0,48600.0,964405
2020-03-13 13:40:00+09:00,49750.0,49750.0,50000.0,48650.0,48700.0,1436194
2020-03-13 13:45:00+09:00,49400.0,49400.0,49750.0,49000.0,49750.0,1031794
2020-03-13 13:50:00+09:00,49750.0,49750.0,49800.0,49200.0,49400.0,995554
2020-03-13 13:55:00+09:00,50200.0,50200.0,50200.0,49700.0,49750.0,1292219
2020-03-13 14:00:00+09:00,50800.0,50800.0,50800.0,49900.0,50200.0,1468591
2020-03-13 14:05:00+09:00,50200.0,50200.0,50800.0,49850.0,50700.0,1436669
2020-03-13 14:10:00+09:00,51000.0,51000.0,51000.0,50100.0,50200.0,1123861
2020-03-13 14:15:00+09:00,51500.0,51500.0,51600.0,50500.0,51000.0,1697519
2020-03-13 14:20:00+09:00,50300.0,50300.0,51600.0,50200.0,51500.0,1339284
2020-03-13 14:25:00+09:00,50500.0,50500.0,50900.0,50100.0,50300.0,1021219
2020-03-13 14:30:00+09:00,50700.0,50700.0,50800.0,50300.0,50500.0,667037
2020-03-13 14:35:00+09:00,50900.0,50900.0,51200.0,50600.0,50700.0,633111
2020-03-13 14:40:00+09:00,50600.0,50600.0,51000.0,50600.0,51000.0,512799
2020-03-13 14:45:00+09:00,50400.0,50400.0,50700.0,50100.0,50700.0,793896
2020-03-13 14:50:00+09:00,50500.0,50500.0,50800.0,50300.0,50400.0,470245
2020-03-13 14:55:00+09:00,50300.0,50300.0,50500.0,50200.0,50500.0,528469
2020-03-16 09:00:00+09:00,50100.0,50100.0,50900.0,50100.0,50100.0,0
2020-03-16 09:05:00+09:00,49050.0,49050.0,50200.0,49000.0,50100.0,2511348
2020-03-16 09:10:00+09:00,49600.0,49600.0,49950.0,49000.0,49050.0,984921
2020-03-16 09:15:00+09:00,49950.0,49950.0,49950.0,49550.0,49650.0,545031
2020-03-16 09:20:00+09:00,50000.0,50000.0,50000.0,49800.0,49950.0,521938
2020-03-16 09:25:00+09:00,50000.0,50000.0,50100.0,49800.0,50000.0,915466
2020-03-16 09:30:00+09:00,50300.0,50300.0,50500.0,49900.0,50000.0,828978
2020-03-16 09:35:00+09:00,50300.0,50300.0,50400.0,50200.0,50300.0,430056
2020-03-16 09:40:00+09:00,50100.0,50100.0,50300.0,50000.0,50300.0,383777
2020-03-16 09:45:00+09:00,50300.0,50300.0,50300.0,49950.0,50000.0,475854
2020-03-16 09:50:00+09:00,50200.0,50200.0,50300.0,50000.0,50300.0,281590
2020-03-16 09:55:00+09:00,50200.0,50200.0,50200.0,50000.0,50200.0,235526
2020-03-16 10:00:00+09:00,50300.0,50300.0,50300.0,50100.0,50200.0,183866
2020-03-16 10:05:00+09:00,50300.0,50300.0,50500.0,50200.0,50300.0,524088
2020-03-16 10:10:00+09:00,50200.0,50200.0,50400.0,50100.0,50400.0,304301
2020-03-16 10:15:00+09:00,50100.0,50100.0,50200.0,50000.0,50100.0,248419
2020-03-16 10:20:00+09:00,50000.0,50000.0,50200.0,50000.0,50100.0,365219
2020-03-16 10:25:00+09:00,50100.0,50100.0,50200.0,50000.0,50100.0,257127
2020-03-16 10:30:00+09:00,49900.0,49900.0,50100.0,49850.0,50100.0,659042
2020-03-16 10:35:00+09:00,49900.0,49900.0,49950.0,49850.0,49950.0,303449
2020-03-16 10:40:00+09:00,49850.0,49850.0,50000.0,49800.0,49950.0,343133
2020-03-16 10:45:00+09:00,50100.0,50100.0,50100.0,49850.0,49850.0,257922
2020-03-16 10:50:00+09:00,50000.0,50000.0,50100.0,49950.0,50100.0,185379
2020-03-16 10:55:00+09:00,50100.0,50100.0,50100.0,49950.0,50000.0,179372
2020-03-16 11:00:00+09:00,50100.0,50100.0,50200.0,50000.0,50000.0,135560
2020-03-16 11:05:00+09:00,50000.0,50000.0,50100.0,49950.0,50100.0,226949
2020-03-16 11:10:00+09:00,50000.0,50000.0,50000.0,49950.0,50000.0,72148
2020-03-16 11:15:00+09:00,50000.0,50000.0,50000.0,49950.0,50000.0,117293
2020-03-16 11:20:00+09:00,49900.0,49900.0,50000.0,49850.0,49950.0,346283
2020-03-16 11:25:00+09:00,49900.0,49900.0,49900.0,49850.0,49900.0,70468
2020-03-16 11:30:00+09:00,49900.0,49900.0,49950.0,49850.0,49900.0,232270
2020-03-16 11:35:00+09:00,49900.0,49900.0,49900.0,49850.0,49900.0,106942
2020-03-16 11:40:00+09:00,49850.0,49850.0,49900.0,49800.0,49900.0,247231
2020-03-16 11:45:00+09:00,49950.0,49950.0,49950.0,49800.0,49850.0,221439
2020-03-16 11:50:00+09:00,49900.0,49900.0,49950.0,49900.0,49950.0,123255
2020-03-16 11:55:00+09:00,49850.0,49850.0,49950.0,49800.0,49950.0,185652
2020-03-16 12:00:00+09:00,49700.0,49700.0,49850.0,49700.0,49800.0,329101
2020-03-16 12:05:00+09:00,49850.0,49850.0,49850.0,49700.0,49750.0,164593
2020-03-16 12:10:00+09:00,49850.0,49850.0,49850.0,49750.0,49850.0,94847
2020-03-16 12:15:00+09:00,49850.0,49850.0,49900.0,49800.0,49850.0,78015
2020-03-16 12:20:00+09:00,49750.0,49750.0,49850.0,49700.0,49850.0,155149
2020-03-16 12:25:00+09:00,49650.0,49650.0,49750.0,49600.0,49700.0,288657
2020-03-16 12:30:00+09:00,49650.0,49650.0,49750.0,49600.0,49650.0,254153
2020-03-16 12:35:00+09:00,49800.0,49800.0,49800.0,49650.0,49650.0,98699
2020-03-16 12:40:00+09:00,49750.0,49750.0,49850.0,49700.0,49800.0,107141
2020-03-16 12:45:00+09:00,49850.0,49850.0,49850.0,49700.0,49700.0,129931
2020-03-16 12:50:00+09:00,49850.0,49850.0,49900.0,49800.0,49850.0,165244
2020-03-16 12:55:00+09:00,49850.0,49850.0,49850.0,49800.0,49800.0,103542
2020-03-16 13:00:00+09:00,49750.0,49750.0,49850.0,49650.0,49850.0,237885
2020-03-16 13:05:00+09:00,49600.0,49600.0,49750.0,49550.0,49750.0,247547
2020-03-16 13:10:00+09:00,49500.0,49500.0,49600.0,49500.0,49600.0,249630
2020-03-16 13:15:00+09:00,49250.0,49250.0,49550.0,49200.0,49550.0,728827
2020-03-16 13:20:00+09:00,49400.0,49400.0,49500.0,49200.0,49300.0,243782
2020-03-16 13:25:00+09:00,49200.0,49200.0,49450.0,49200.0,49450.0,208625
2020-03-16 13:30:00+09:00,49000.0,49000.0,49250.0,48950.0,49200.0,857963
2020-03-16 13:35:00+09:00,49150.0,49150.0,49150.0,48900.0,48950.0,318463
2020-03-16 13:40:00+09:00,49000.0,49000.0,49150.0,48950.0,49150.0,229803
2020-03-16 13:45:00+09:00,49300.0,49300.0,49450.0,48950.0,49000.0,301635
2020-03-16 13:50:00+09:00,49200.0,49200.0,49400.0,49100.0,49350.0,210406
2020-03-16 13:55:00+09:00,49200.0,49200.0,49250.0,49150.0,49200.0,138609
2020-03-16 14:00:00+09:00,49200.0,49200.0,49200.0,49100.0,49200.0,171044
2020-03-16 14:05:00+09:00,49550.0,49550.0,49550.0,49150.0,49150.0,424622
2020-03-16 14:10:00+09:00,49550.0,49550.0,49750.0,49400.0,49550.0,399289
2020-03-16 14:15:00+09:00,49650.0,49650.0,49700.0,49500.0,49550.0,254710
2020-03-16 14:20:00+09:00,49700.0,49700.0,49900.0,49600.0,49650.0,328497
2020-03-16 14:25:00+09:00,49600.0,49600.0,49700.0,49500.0,49700.0,260264
2020-03-16 14:30:00+09:00,49500.0,49500.0,49650.0,49400.0,49600.0,269410
2020-03-16 14:35:00+09:00,49550.0,49550.0,49550.0,49400.0,49500.0,233326
2020-03-16 14:40:00+09:00,49250.0,49250.0,49550.0,49200.0,49550.0,416160
2020-03-16 14:45:00+09:00,49300.0,49300.0,49450.0,49200.0,49200.0,423596
2020-03-16 14:50:00+09:00,49300.0,49300.0,49400.0,49250.0,49300.0,310497
2020-03-16 14:55:00+09:00,49200.0,49200.0,49300.0,49150.0,49300.0,432399
2020-04-24 13:36:02+09:00,49400.0,49400.0,49400.0,49400.0,49400.0,0
